frequency_hz,target_db,fitted_iir_db,error_db
20,-0.40253308,-0.52930834,-0.12677526
20.180938,-0.40029652,-0.53115158,-0.13085506
20.363512,-0.39803972,-0.53302672,-0.134987
20.547738,-0.39633933,-0.53493428,-0.13859495
20.733631,-0.39672718,-0.5368748,-0.14014762
20.921206,-0.39711854,-0.5388488,-0.14173027
21.110477,-0.39751343,-0.54085685,-0.14334342
21.301461,-0.39941743,-0.54289949,-0.14348206
21.494173,-0.40455817,-0.54497729,-0.14041912
21.688628,-0.40974541,-0.54709081,-0.1373454
21.884842,-0.41497957,-0.54924063,-0.13426106
22.082832,-0.42340956,-0.55142734,-0.12801778
22.282613,-0.43444795,-0.55365153,-0.11920359
22.484201,-0.44558619,-0.55591381,-0.11032761
22.687613,-0.45682521,-0.55821478,-0.10138957
22.892865,-0.47297439,-0.56055506,-0.087580672
23.099974,-0.48972094,-0.56293528,-0.073214344
23.308956,-0.50661899,-0.56535608,-0.058737086
23.519829,-0.52503657,-0.56781809,-0.042781523
23.73261,-0.54577387,-0.57032197,-0.024548107
23.947316,-0.56669878,-0.57286839,-0.0061696139
24.163965,-0.58781299,-0.57545801,0.012354983
24.382573,-0.60995935,-0.5780915,0.031867846
24.60316,-0.63232984,-0.58076957,0.051560274
24.825741,-0.65490271,-0.58349289,0.071409823
25.050337,-0.67635449,-0.58626218,0.090092315
25.276964,-0.69730815,-0.58907815,0.10823
25.505642,-0.71845137,-0.59194152,0.12650985
25.736388,-0.7378909,-0.59485302,0.14303789
25.969222,-0.75507673,-0.59781339,0.15726334
26.204162,-0.77241803,-0.60082338,0.17159464
26.441228,-0.78824057,-0.60388376,0.18435681
26.680439,-0.80048338,-0.60699528,0.1934881
26.921813,-0.81283695,-0.61015871,0.20267824
27.165372,-0.82396596,-0.61337486,0.2105911
27.411134,-0.83155009,-0.6166445,0.21490558
27.659119,-0.83920283,-0.61996845,0.21923437
27.909347,-0.84590377,-0.62334751,0.22255626
28.16184,-0.85036124,-0.62678251,0.22357873
28.416617,-0.85485903,-0.63027427,0.22458476
28.673698,-0.85894114,-0.63382364,0.2251175
28.933106,-0.86243701,-0.63743146,0.22500556
29.19486,-0.86596451,-0.64109858,0.22486593
29.458982,-0.87011093,-0.64482588,0.22528505
29.725494,-0.87466762,-0.64861422,0.2260534
29.994417,-0.87926554,-0.6524645,0.22680104
30.265773,-0.88575648,-0.6563776,0.22937888
30.539584,-0.8925817,-0.66035442,0.23222728
30.815872,-0.89987262,-0.66439587,0.23547675
31.094659,-0.90890153,-0.66850287,0.24039865
31.375969,-0.91801212,-0.67267635,0.24533576
31.659823,-0.92770521,-0.67691724,0.25078797
31.946246,-0.93784591,-0.68122648,0.25661943
32.235259,-0.94804575,-0.68560502,0.26244073
32.526888,-0.95727751,-0.69005383,0.26722368
32.821155,-0.96659278,-0.69457386,0.27201893
33.118084,-0.97433583,-0.69916609,0.27516974
33.417699,-0.9807009,-0.70383151,0.27686938
33.720025,-0.98670486,-0.70857111,0.27813375
34.025086,-0.98872261,-0.71338588,0.27533673
34.332906,-0.99075861,-0.71827682,0.27248179
34.643512,-0.98953029,-0.72324495,0.26628534
34.956928,-0.98691993,-0.72829128,0.25862865
35.273179,-0.98296862,-0.73341684,0.24955178
35.592291,-0.97671566,-0.73862266,0.238093
35.91429,-0.97028198,-0.74390978,0.2263722
36.239202,-0.96234072,-0.74927924,0.21306148
36.567054,-0.95432761,-0.75473209,0.19959553
36.897871,-0.946874,-0.76026937,0.18660462
37.231682,-0.93947746,-0.76589216,0.1735853
37.568512,-0.93374815,-0.77160152,0.16214663
37.90839,-0.92895859,-0.77739851,0.15156009
38.251343,-0.92595574,-0.78328421,0.14267154
38.597398,-0.92490788,-0.78925969,0.13564819
38.946584,-0.92523634,-0.79532603,0.12991031
39.298929,-0.92797748,-0.80148433,0.12649316
39.654461,-0.9315548,-0.80773566,0.12381914
40.01321,-0.93715324,-0.81408111,0.12307213
40.375205,-0.94311628,-0.82052178,0.1225945
40.740475,-0.95006293,-0.82705876,0.12300417
41.109049,-0.95699754,-0.83369314,0.1233044
41.480957,-0.96377239,-0.84042603,0.12334636
41.85623,-0.97024271,-0.8472585,0.1229842
42.234899,-0.97586026,-0.85419167,0.12166858
42.616993,-0.9810413,-0.86122663,0.11981467
43.002543,-0.9853847,-0.86836447,0.11702023
43.391582,-0.98949384,-0.87560628,0.11388757
43.78414,-0.99331524,-0.88295315,0.11036209
44.18025,-0.99758079,-0.89040618,0.1071746
44.579943,-1.0021684,-0.89796645,0.10420199
44.983253,-1.0082725,-0.90563504,0.10263748
45.390211,-1.0149082,-0.91341302,0.10149516
45.80085,-1.0240971,-0.92130148,0.10279565
46.215205,-1.0339048,-0.92930147,0.1046033
46.633308,-1.0457341,-0.93741405,0.10832005
47.055194,-1.0581219,-0.94564029,0.11248161
47.480897,-1.0712328,-0.95398122,0.11725155
47.910451,-1.0838284,-0.96243789,0.1213905
48.343891,-1.0962435,-0.97101131,0.12523217
48.781252,-1.1058355,-0.97970252,0.12613301
49.22257,-1.1140107,-0.98851252,0.12549816
49.667881,-1.1193221,-0.99744231,0.12187982
50.11722,-1.1213517,-1.0064929,0.11485888
50.570624,-1.1216459,-1.0156652,0.10598074
51.02813,-1.1183651,-1.0249602,0.09340486
51.489776,-1.1141612,-1.0343789,0.079782373
51.955597,-1.1089314,-1.0439221,0.065009339
52.425633,-1.1041236,-1.0535908,0.050532813
52.899922,-1.1002205,-1.0633859,0.036834581
53.378501,-1.0979689,-1.0733083,0.024660601
53.861409,-1.0986706,-1.0833588,0.015311789
54.348687,-1.1010729,-1.0935383,0.0075346454
54.840373,-1.1058297,-1.1038476,0.0019821895
55.336507,-1.1120849,-1.1142874,-0.0022024656
55.83713,-1.118532,-1.1248586,-0.0063265719
56.342281,-1.1246636,-1.1355619,-0.010898254
56.852003,-1.1282415,-1.146398,-0.018156468
57.366336,-1.1295063,-1.1573676,-0.027861318
57.885322,-1.1281868,-1.1684714,-0.040284655
58.409004,-1.122604,-1.1797101,-0.057106101
58.937423,-1.1151127,-1.1910843,-0.075971585
59.470623,-1.1065346,-1.2025945,-0.096059908
60.008646,-1.0978486,-1.2142413,-0.11639272
60.551537,-1.0920008,-1.2260252,-0.13402442
61.099339,-1.0897298,-1.2379468,-0.14821696
61.652098,-1.0917388,-1.2500064,-0.15826758
62.209857,-1.0993856,-1.2622045,-0.1628189
62.772662,-1.1133818,-1.2745415,-0.16115969
63.340558,-1.1308952,-1.2870177,-0.15612249
63.913592,-1.1506587,-1.2996335,-0.14897471
64.491811,-1.1711021,-1.312389,-0.1412869
65.07526,-1.1890987,-1.3252846,-0.13618591
65.663988,-1.2024954,-1.3383203,-0.13582497
66.258042,-1.2108087,-1.3514965,-0.14068781
66.857471,-1.2139358,-1.3648131,-0.15087729
67.462322,-1.2124715,-1.3782701,-0.1657986
68.072646,-1.2079054,-1.3918677,-0.18396236
68.68849,-1.2035907,-1.4056058,-0.20201511
69.309907,-1.20232,-1.4194842,-0.2171642
69.936945,-1.2059458,-1.4335029,-0.22755703
70.569656,-1.2155893,-1.4476615,-0.23207226
71.208091,-1.2313833,-1.46196,-0.23057671
71.852302,-1.2522987,-1.476398,-0.22409925
72.502341,-1.2761564,-1.4909751,-0.21481865
73.158261,-1.2994232,-1.5056909,-0.20626769
73.820115,-1.3190247,-1.520545,-0.20152031
74.487956,-1.3331508,-1.5355369,-0.20238612
75.16184,-1.3413426,-1.5506659,-0.20932326
75.84182,-1.3446794,-1.5659314,-0.22125202
76.527951,-1.345614,-1.5813328,-0.23571879
77.22029,-1.3474502,-1.5968692,-0.24941905
77.918893,-1.3535589,-1.6125399,-0.25898096
78.623815,-1.3665237,-1.6283439,-0.26182024
79.335116,-1.387439,-1.6442803,-0.25684135
80.052851,-1.4155602,-1.6603481,-0.24478789
80.777079,-1.4484249,-1.6765462,-0.22812132
81.507859,-1.4824564,-1.6928735,-0.2104171
82.245251,-1.5139261,-1.7093287,-0.19540261
82.989314,-1.5400141,-1.7259106,-0.18589647
83.740108,-1.5596303,-1.7426177,-0.18298747
84.497694,-1.5737012,-1.7594488,-0.18574756
85.262135,-1.5848082,-1.7764022,-0.19159398
86.033491,-1.5963037,-1.7934765,-0.19717278
86.811825,-1.6112211,-1.8106699,-0.19944882
87.597201,-1.6313474,-1.8279809,-0.19663345
88.389682,-1.6567478,-1.8454075,-0.18865973
89.189333,-1.6858737,-1.862948,-0.17707429
89.996218,-1.7162011,-1.8806005,-0.16439934
90.810403,-1.7451753,-1.8983629,-0.15318762
91.631953,-1.7708316,-1.9162331,-0.14540152
92.460936,-1.793419,-1.9342091,-0.14079013
93.297419,-1.8144632,-1.9522887,-0.1378255
94.14147,-1.8361066,-1.9704694,-0.13436284
94.993156,-1.8602839,-1.988749,-0.12846514
95.852547,-1.8880322,-2.007125,-0.11909287
96.719714,-1.9193038,-2.025595,-0.10629118
97.594725,-1.9529214,-2.0441562,-0.091234778
98.477653,-1.9872245,-2.0628061,-0.075581628
99.368568,-2.021333,-2.081542,-0.060209002
100.26754,-2.0550961,-2.100361,-0.045264907
101.17465,-2.0888822,-2.1192602,-0.030377933
102.08997,-2.1229348,-2.1382367,-0.015301881
103.01356,-2.1566035,-2.1572874,-0.00068388024
103.94551,-2.1883583,-2.1764094,0.011948936
104.88589,-2.2155909,-2.1955993,0.019991661
105.83478,-2.2373888,-2.214854,0.022534861
106.79226,-2.2548111,-2.2341701,0.020640954
107.7584,-2.2706278,-2.2535443,0.017083484
108.73327,-2.2893226,-2.2729732,0.016349468
109.71697,-2.3136723,-2.2924531,0.021219181
110.70957,-2.3443117,-2.3119806,0.032331032
111.71114,-2.3777712,-2.331552,0.046219155
112.72178,-2.4085807,-2.3511636,0.057417153
113.74156,-2.4311192,-2.3708116,0.060307592
114.77056,-2.4455029,-2.3904921,0.055010827
115.80888,-2.4561667,-2.4102013,0.045965388
116.85659,-2.4712622,-2.4299353,0.041326864
117.91378,-2.4965602,-2.44969,0.046870227
118.98053,-2.535752,-2.4694612,0.066290765
120.05693,-2.5810233,-2.489245,0.091778316
121.14307,-2.621888,-2.5090371,0.11285089
122.23904,-2.6502928,-2.5288333,0.12145946
123.34492,-2.6625798,-2.5486294,0.11395046
124.4608,-2.6676095,-2.5684208,0.099188698
125.58679,-2.678477,-2.5882034,0.090273651
126.72295,-2.7035724,-2.6079726,0.095599747
127.8694,-2.7463577,-2.627724,0.11863369
129.02622,-2.7948987,-2.6474531,0.14744563
130.1935,-2.8359034,-2.6671553,0.16874812
131.37135,-2.8601496,-2.686826,0.17332356
132.55985,-2.8706727,-2.7064606,0.16421205
133.7591,-2.8794072,-2.7260544,0.1533527
134.9692,-2.8991916,-2.7456028,0.15358882
136.19025,-2.9335174,-2.765101,0.16841637
137.42235,-2.9738159,-2.7845442,0.18927167
138.66559,-3.0045634,-2.8039277,0.20063569
139.92009,-3.0164242,-2.8232467,0.19317744
141.18593,-3.0101488,-2.8424964,0.16765245
142.46322,-3.0005118,-2.8616718,0.13884006
143.75206,-2.9998167,-2.8807682,0.11904858
145.05257,-3.0124423,-2.8997806,0.11266168
146.36484,-3.0330578,-2.9187043,0.1143535
147.68899,-3.0517313,-2.9375342,0.1141971
149.02511,-3.0647644,-2.9562655,0.10849891
150.37333,-3.0755958,-2.9748933,0.10070247
151.73373,-3.0905795,-2.9934127,0.09716679
153.10645,-3.1130541,-3.0118188,0.10123529
154.49159,-3.1409986,-3.0301066,0.11089195
155.88925,-3.1695302,-3.0482713,0.12125892
157.29956,-3.1948902,-3.066308,0.1285822
158.72263,-3.2142954,-3.0842118,0.13008367
160.15858,-3.2248492,-3.1019778,0.12287144
161.60751,-3.225478,-3.1196012,0.1058768
163.06956,-3.2208812,-3.1370771,0.083804135
164.54483,-3.2211009,-3.1544008,0.066700073
166.03344,-3.2334897,-3.1715675,0.061922273
167.53553,-3.2540897,-3.1885723,0.065517431
169.0512,-3.2698522,-3.2054106,0.064441634
170.58059,-3.2731664,-3.2220777,0.051088684
172.12381,-3.2735864,-3.2385689,0.035017559
173.68099,-3.2906664,-3.2548795,0.035786917
175.25226,-3.3290005,-3.271005,0.057995502
176.83775,-3.3691557,-3.2869409,0.08221479
178.43758,-3.3863739,-3.3026826,0.083691296
180.05188,-3.3794543,-3.3182257,0.061228619
181.68079,-3.3745841,-3.3335657,0.04101835
183.32443,-3.3955029,-3.3486984,0.046804536
184.98295,-3.4308884,-3.3636193,0.067269099
186.65646,-3.4504797,-3.3783243,0.072155362
188.34512,-3.4424072,-3.3928093,0.049597946
190.04906,-3.4325043,-3.4070699,0.025434384
191.76841,-3.4489929,-3.4211023,0.027890555
193.50331,-3.4870829,-3.4349024,0.052180471
195.25391,-3.5147779,-3.4484663,0.066311647
197.02035,-3.51845,-3.4617901,0.05665988
198.80277,-3.5187527,-3.4748701,0.043882613
200.60132,-3.5393265,-3.4877025,0.051623963
202.41613,-3.5738111,-3.5002838,0.073527281
204.24737,-3.5964148,-3.5126104,0.083804441
206.09517,-3.5968597,-3.5246788,0.072180919
207.95968,-3.588343,-3.5364857,0.051857274
209.84107,-3.58228,-3.5480278,0.034252199
211.73948,-3.5767159,-3.5593018,0.017414028
213.65506,-3.5664854,-3.5703048,-0.0038194045
215.58797,-3.5513366,-3.5810336,-0.029697037
217.53837,-3.5350808,-3.5914854,-0.056404545
219.50641,-3.5292649,-3.6016573,-0.072392389
221.49226,-3.5466043,-3.6115466,-0.064942268
223.49607,-3.5806329,-3.6211507,-0.040517869
225.51801,-3.6037503,-3.6304671,-0.026716833
227.55825,-3.6057802,-3.6394935,-0.033713219
229.61694,-3.6125262,-3.6482274,-0.035701168
231.69425,-3.6335152,-3.6566666,-0.023151483
233.79036,-3.6350824,-3.6648093,-0.029726883
235.90544,-3.600367,-3.6726532,-0.072286292
238.03964,-3.5741123,-3.6801967,-0.1060844
240.19316,-3.5897748,-3.687438,-0.097663151
242.36616,-3.6081295,-3.6943754,-0.086245917
244.55881,-3.5970273,-3.7010075,-0.10398018
246.77131,-3.5944166,-3.7073329,-0.11291625
249.00382,-3.6260316,-3.7133503,-0.087318682
251.25653,-3.6466453,-3.7190587,-0.072413411
253.52961,-3.6298333,-3.724457,-0.094623624
255.82326,-3.6183361,-3.7295443,-0.11120825
258.13767,-3.6319256,-3.73432,-0.10239442
260.47301,-3.6377195,-3.7387833,-0.10106379
262.82947,-3.6274771,-3.7429339,-0.11545679
265.20726,-3.6278918,-3.7467714,-0.11887958
267.60656,-3.6425509,-3.7502956,-0.10774471
270.02756,-3.6553628,-3.7535064,-0.098143614
272.47047,-3.6603069,-3.7564039,-0.09609696
274.93547,-3.6613187,-3.7589883,-0.097669565
277.42278,-3.6707984,-3.7612599,-0.090461474
279.93259,-3.6827659,-3.7632192,-0.080453319
282.46511,-3.6701234,-3.764867,-0.094743563
285.02053,-3.6527025,-3.7662039,-0.11350143
287.59908,-3.6677309,-3.7672309,-0.099499976
290.20095,-3.6810825,-3.767949,-0.086866488
292.82637,-3.6785388,-3.7683595,-0.089820695
295.47553,-3.7137441,-3.7684638,-0.05471969
298.14866,-3.7585454,-3.7682633,-0.009717963
300.84598,-3.7532381,-3.7677598,-0.014521782
303.56769,-3.7493525,-3.7669551,-0.017602608
306.31403,-3.7582074,-3.7658512,-0.0076437792
309.08522,-3.7301937,-3.7644501,-0.034256425
311.88147,-3.7107891,-3.7627543,-0.051965161
314.70303,-3.7261258,-3.7607661,-0.034640305
317.55011,-3.7281945,-3.7584882,-0.030293721
320.42294,-3.7277119,-3.7559233,-0.028211365
323.32177,-3.7390983,-3.7530744,-0.013976126
326.24682,-3.7421653,-3.7499445,-0.0077792465
329.19834,-3.7381113,-3.746537,-0.0084256165
332.17656,-3.7351911,-3.7428551,-0.0076640715
335.18172,-3.7413769,-3.7389026,0.002474276
338.21407,-3.7334467,-3.7346832,-0.0012365081
341.27385,-3.717156,-3.7302007,-0.013044644
344.36131,-3.7265019,-3.7254592,0.0010426721
347.4767,-3.7160297,-3.7204631,-0.0044333547
350.62028,-3.7095824,-3.7152166,-0.0056342483
353.7923,-3.7259447,-3.7097244,0.016220304
356.99302,-3.7032551,-3.7039913,-0.00073621992
360.22269,-3.6995861,-3.6980221,0.00156401
363.48158,-3.70518,-3.691822,0.013358028
366.76995,-3.6934655,-3.6853962,0.0080693461
370.08808,-3.7103426,-3.6787501,0.031592462
373.43622,-3.7053243,-3.6718894,0.033434973
376.81465,-3.6907174,-3.6648197,0.025897655
380.22365,-3.679154,-3.6575472,0.021606868
383.66348,-3.6661768,-3.6500778,0.01609906
387.13444,-3.6644323,-3.6424179,0.02201447
390.6368,-3.6733903,-3.6345739,0.038816374
394.17084,-3.6844123,-3.6265525,0.05785976
397.73686,-3.6862992,-3.6183605,0.067938741
401.33513,-3.7005921,-3.6100048,0.090587315
404.96596,-3.6836874,-3.6014927,0.082194754
408.62964,-3.6770011,-3.5928314,0.084169753
412.32646,-3.6481042,-3.5840283,0.064075886
416.05673,-3.6310245,-3.5750913,0.055933237
419.82074,-3.6313715,-3.5660281,0.06534342
423.61881,-3.6294177,-3.5568467,0.072571007
427.45124,-3.6345845,-3.5475552,0.087029278
431.31834,-3.6147495,-3.538162,0.076587484
435.22042,-3.6041269,-3.5286756,0.075451341
439.15781,-3.5949937,-3.5191046,0.075889086
443.13081,-3.600395,-3.5094578,0.090937197
447.13977,-3.5987804,-3.4997442,0.09903621
451.18498,-3.5939334,-3.4899729,0.10396056
455.2668,-3.5842167,-3.4801531,0.10406358
459.38554,-3.5857897,-3.4702944,0.11549537
463.54155,-3.5875923,-3.4604061,0.12718615
467.73515,-3.5919134,-3.4504981,0.14141528
471.96669,-3.5863179,-3.4405802,0.14573768
476.23652,-3.5710639,-3.4306623,0.14040164
480.54497,-3.5482822,-3.4207544,0.12752771
484.8924,-3.5218753,-3.410867,0.11100837
489.27917,-3.5219808,-3.4010101,0.12097065
493.70561,-3.5265783,-3.3911944,0.1353839
498.17211,-3.540824,-3.3814302,0.15939376
502.67901,-3.5212791,-3.3717283,0.14955075
507.22669,-3.5095811,-3.3620994,0.14748169
511.8155,-3.4978697,-3.3525543,0.14531538
516.44584,-3.5004295,-3.3431038,0.15732566
521.11806,-3.4929935,-3.3337589,0.15923461
525.83255,-3.4784196,-3.3245306,0.15388897
530.58969,-3.4703426,-3.3154298,0.15491276
535.38987,-3.462908,-3.3064677,0.15644026
540.23348,-3.4466179,-3.2976554,0.14896254
545.12091,-3.4376582,-3.2890038,0.14865445
550.05255,-3.4140754,-3.280524,0.13355138
555.02881,-3.4122478,-3.2722273,0.1400205
560.05008,-3.4063636,-3.2641244,0.14223921
565.11679,-3.4155777,-3.2562265,0.15935119
570.22933,-3.4206686,-3.2485443,0.17212425
575.38813,-3.4005342,-3.2410888,0.15944532
580.59359,-3.3879354,-3.2338707,0.15406469
585.84615,-3.3795053,-3.2269005,0.15260478
591.14623,-3.3735363,-3.2201888,0.15334752
596.49426,-3.3539034,-3.2137457,0.14015767
601.89067,-3.3482642,-3.2075816,0.14068256
607.3359,-3.320353,-3.2017063,0.11864675
612.83039,-3.2863757,-3.1961295,0.090246149
618.37459,-3.269861,-3.1908608,0.079000211
623.96895,-3.2435176,-3.1859093,0.057608342
629.61392,-3.2265971,-3.1812841,0.04531306
635.30996,-3.2049798,-3.1769937,0.027986077
641.05754,-3.1839311,-3.1730465,0.010884578
646.85711,-3.1652341,-3.1694505,-0.0042163647
652.70914,-3.1396746,-3.1662132,-0.026538576
658.61412,-3.1350875,-3.1633418,-0.028254302
664.57252,-3.1276077,-3.1608432,-0.033235457
670.58483,-3.1080628,-3.1587236,-0.050660794
676.65153,-3.0986731,-3.1569889,-0.058315809
682.77311,-3.0759695,-3.1556444,-0.079674939
688.95008,-3.0543376,-3.1546951,-0.10035755
695.18292,-3.0545368,-3.1541452,-0.099608428
701.47216,-3.0379278,-3.1539985,-0.11607065
707.81829,-3.0132649,-3.1542581,-0.14099323
714.22184,-3.0082086,-3.1549267,-0.14671815
720.68332,-2.9962107,-3.1560062,-0.15979541
727.20325,-2.9747364,-3.1574978,-0.18276145
733.78217,-2.9634399,-3.1594024,-0.19596242
740.42061,-2.9533105,-3.1617198,-0.20840929
747.1191,-2.933201,-3.1644494,-0.23124839
753.8782,-2.9093551,-3.1675898,-0.25823467
760.69844,-2.9002804,-3.1711389,-0.27085854
767.58038,-2.8915252,-3.175094,-0.28356882
774.52459,-2.8620778,-3.1794515,-0.31737371
781.53162,-2.839884,-3.1842072,-0.34432323
788.60204,-2.8271452,-3.1893562,-0.36221102
795.73643,-2.8103026,-3.1948927,-0.38459016
802.93536,-2.7931954,-3.2008104,-0.40761506
810.19941,-2.7671546,-3.2071022,-0.4399476
817.52919,-2.75057,-3.2137602,-0.46319021
824.92528,-2.7440027,-3.2207759,-0.47677328
832.38827,-2.7297976,-3.2281402,-0.49834266
839.91879,-2.7132308,-3.2358433,-0.52261243
847.51743,-2.6991415,-3.2438745,-0.54473298
855.18482,-2.6920206,-3.2522227,-0.56020209
862.92157,-2.682754,-3.2608763,-0.57812238
870.72832,-2.6820101,-3.269823,-0.58781288
878.60569,-2.6728002,-3.2790499,-0.60624965
886.55433,-2.6602777,-3.2885436,-0.62826589
894.57488,-2.668081,-3.2982903,-0.63020933
902.66799,-2.6609823,-3.3082757,-0.64729338
910.83431,-2.6573842,-3.3184852,-0.66110096
919.07452,-2.6680781,-3.3289035,-0.66082542
927.38927,-2.6743538,-3.3395154,-0.66516167
935.77925,-2.6788658,-3.3503052,-0.67143941
944.24513,-2.696,-3.3612569,-0.66525685
952.7876,-2.7020794,-3.3723544,-0.67027498
961.40735,-2.723534,-3.3835813,-0.66004735
970.10509,-2.7463148,-3.3949214,-0.64860653
978.88151,-2.7568907,-3.4063581,-0.64946737
987.73733,-2.7861767,-3.4178749,-0.63169812
996.67327,-2.8057946,-3.4294553,-0.62366075
1005.6901,-2.8181247,-3.441083,-0.62295831
1014.7884,-2.8441066,-3.4527417,-0.6086351
1023.9691,-2.870863,-3.4644153,-0.59355224
1033.2328,-2.9102111,-3.4760877,-0.5658766
1042.5803,-2.9549226,-3.4877434,-0.53282082
1052.0124,-3.0049063,-3.4993669,-0.49446057
1061.5299,-3.0653697,-3.5109431,-0.44557335
1071.1334,-3.1169547,-3.5224572,-0.40550254
1080.8238,-3.1684378,-3.533895,-0.36545723
1090.6019,-3.2311965,-3.5452424,-0.31404597
1100.4684,-3.2813042,-3.556486,-0.27518182
1110.4242,-3.3398639,-3.5676128,-0.22774894
1120.4701,-3.4024097,-3.5786103,-0.17620061
1130.6068,-3.4631811,-3.5894664,-0.12628533
1140.8353,-3.5137394,-3.6001697,-0.086430369
1151.1563,-3.5648588,-3.6107094,-0.045850645
1161.5707,-3.634276,-3.6210752,0.013200849
1172.0793,-3.6877606,-3.6312573,0.056503359
1182.6829,-3.7563606,-3.6412466,0.11511404
1193.3825,-3.8251576,-3.6510346,0.17412293
1204.1789,-3.8811438,-3.6606135,0.22053026
1215.073,-3.9354814,-3.669976,0.26550541
1226.0656,-3.9930462,-3.6791154,0.3139308
1237.1576,-4.0410447,-3.6880256,0.35301904
1248.3501,-4.0817646,-3.6967014,0.38506318
1259.6437,-4.1304027,-3.7051378,0.42526485
1271.0396,-4.1634574,-3.7133307,0.45012673
1282.5385,-4.2025726,-3.7212764,0.4812962
1294.1415,-4.2356694,-3.728972,0.50669736
1305.8494,-4.2608705,-3.7364149,0.52445556
1317.6633,-4.2855298,-3.7436033,0.54192649
1329.584,-4.327631,-3.7505359,0.57709513
1341.6126,-4.3501226,-3.7572117,0.59291087
1353.75,-4.3712763,-3.7636306,0.60764571
1365.9972,-4.3851336,-3.7697927,0.61534096
1378.3552,-4.3931697,-3.7756987,0.61747105
1390.825,-4.4040891,-3.7813498,0.62273932
1403.4077,-4.4128577,-3.7867475,0.62611019
1416.1041,-4.4188885,-3.7918939,0.62699452
1428.9154,-4.4287463,-3.7967915,0.63195471
1441.8427,-4.4231127,-3.8014432,0.62166951
1454.8868,-4.4274208,-3.805852,0.62156881
1468.049,-4.4251961,-3.8100217,0.61517435
1481.3303,-4.4218443,-3.8139562,0.60788805
1494.7317,-4.4178661,-3.8176598,0.60020634
1508.2543,-4.3939187,-3.821137,0.57278166
1521.8993,-4.3849827,-3.8243928,0.5605899
1535.6678,-4.3533851,-3.8274324,0.52595266
1549.5608,-4.3317205,-3.8302613,0.50145927
1563.5795,-4.3005059,-3.8328851,0.46762075
1577.725,-4.2683351,-3.83531,0.43302508
1591.9985,-4.2475318,-3.8375421,0.40998969
1606.4011,-4.2218781,-3.8395881,0.38228996
1620.934,-4.2000718,-3.8414546,0.35861722
1635.5984,-4.186275,-3.8431487,0.34312634
1650.3954,-4.1659225,-3.8446776,0.32124499
1665.3264,-4.1455614,-3.8460487,0.29951273
1680.3924,-4.1217182,-3.8472698,0.27444843
1695.5947,-4.0925427,-3.8483488,0.2441939
1710.9345,-4.0606097,-3.849294,0.21131567
1726.4131,-4.0259846,-3.8501138,0.17587083
1742.0318,-3.98327,-3.850817,0.13245296
1757.7917,-3.9450449,-3.8514127,0.093632167
1773.6942,-3.904137,-3.8519102,0.052226779
1789.7406,-3.8592073,-3.8523192,0.0068881054
1805.9322,-3.8163375,-3.8526498,-0.036312317
1822.2703,-3.7804886,-3.8529124,-0.072423807
1838.7561,-3.7458213,-3.853118,-0.10729671
1855.3911,-3.7161541,-3.8532779,-0.13712383
1872.1766,-3.6878159,-3.853404,-0.16558804
1889.114,-3.6567242,-3.8535088,-0.19678458
1906.2045,-3.6241255,-3.8536054,-0.2294799
1923.4497,-3.5935864,-3.8537076,-0.26012118
1940.851,-3.5608399,-3.85383,-0.29299012
1958.4096,-3.5291088,-3.8539881,-0.32487933
1976.1271,-3.5008841,-3.8541984,-0.35331437
1994.0049,-3.4755296,-3.8544785,-0.37894894
2012.0444,-3.4567366,-3.8548472,-0.39811059
2030.2471,-3.4352592,-3.8553246,-0.42006538
2048.6145,-3.4235934,-3.8559325,-0.43233913
2067.1481,-3.4195568,-3.8566943,-0.43713755
2085.8493,-3.4186418,-3.8576356,-0.43899375
2104.7197,-3.4098905,-3.8587838,-0.44889328
2123.7609,-3.4082846,-3.8601691,-0.4518845
2142.9743,-3.4066989,-3.8618245,-0.45512561
2162.3615,-3.4035071,-3.863786,-0.46027893
2181.9241,-3.4015162,-3.8660933,-0.46457716
2201.6637,-3.402031,-3.8687902,-0.4667592
2221.5819,-3.4149861,-3.8719249,-0.45693884
2241.6803,-3.4296116,-3.8755512,-0.44593955
2261.9605,-3.4417669,-3.8797284,-0.43796152
2282.4242,-3.4668241,-3.884523,-0.41769891
2303.073,-3.4868112,-3.890009,-0.4031978
2323.9086,-3.515365,-3.8962692,-0.38090418
2344.9327,-3.5520915,-3.9033966,-0.35130515
2366.147,-3.5894983,-3.9114956,-0.32199727
2387.5533,-3.6359757,-3.9206837,-0.28470797
2409.1532,-3.6821228,-3.9310934,-0.2489706
2430.9485,-3.7326565,-3.9428742,-0.2102177
2452.941,-3.792776,-3.9561953,-0.16341925
2475.1325,-3.85017,-3.9712477,-0.12107765
2497.5247,-3.9132963,-3.9882476,-0.074951273
2520.1195,-3.9763728,-4.0074394,-0.031066636
2542.9187,-4.0400882,-4.029099,0.010989284
2565.9242,-4.1105652,-4.0535368,0.057028397
2589.1378,-4.1771896,-4.0811013,0.096088297
2612.5614,-4.2473724,-4.1121808,0.13519163
2636.1969,-4.3124504,-4.1472045,0.16524592
2660.0462,-4.3817909,-4.186641,0.19514985
2684.1114,-4.4496391,-4.2309922,0.2186469
2708.3942,-4.5165109,-4.2807814,0.23572947
2732.8967,-4.5848062,-4.3365315,0.24827462
2757.6209,-4.6512042,-4.3987288,0.25247544
2782.5687,-4.7193602,-4.4677674,0.25159281
2807.7423,-4.7834077,-4.5438668,0.23954091
2833.1436,-4.8508235,-4.6269566,0.22386689
2858.7747,-4.9097352,-4.7165234,0.19321186
2884.6377,-4.9591901,-4.8114227,0.14776741
2910.7347,-5.0088642,-4.9096721,0.099192039
2937.0677,-5.051815,-5.0082645,0.043550497
2963.639,-5.0844275,-5.1030697,-0.018642219
2990.4507,-5.1203983,-5.1889191,-0.068520812
3017.5049,-5.1398678,-5.2599695,-0.1201017
3044.8039,-5.1532814,-5.3103864,-0.15710492
3072.3499,-5.1554965,-5.3352733,-0.17977675
3100.1451,-5.1407219,-5.3316203,-0.19089844
3128.1917,-5.1251976,-5.298959,-0.17376141
3156.4921,-5.0958009,-5.2394714,-0.14367056
3185.0485,-5.0666397,-5.1575074,-0.090867662
3213.8632,-5.0200103,-5.0587021,-0.038691725
3242.9386,-4.9754584,-4.9490053,0.026453052
3272.2771,-4.9140871,-4.8338922,0.080194868
3301.881,-4.8592682,-4.7178851,0.14138311
3331.7527,-4.7869668,-4.6043802,0.18258663
3361.8947,-4.7236563,-4.4956937,0.22796259
3392.3093,-4.6437553,-4.3932288,0.25052652
3422.9991,-4.5591712,-4.2976828,0.26148843
3453.9666,-4.4720584,-4.2092462,0.26281225
3485.2142,-4.382376,-4.1277701,0.25460587
3516.7445,-4.2912482,-4.0528952,0.23835309
3548.5601,-4.1998113,-3.9841454,0.21566588
3580.6634,-4.1128686,-3.9209926,0.19187595
3613.0573,-4.0284699,-3.8628987,0.16557121
3645.7442,-3.9474315,-3.8093417,0.1380898
3678.7268,-3.8602615,-3.7598309,0.10043066
3712.0078,-3.7754887,-3.7139144,0.061574344
3745.5898,-3.6914255,-3.6711817,0.020243836
3779.4757,-3.6055369,-3.6312637,-0.025726847
3813.6682,-3.5229472,-3.5938305,-0.070883293
3848.17,-3.4388118,-3.5585884,-0.11977664
3882.9839,-3.3564356,-3.525277,-0.16884139
3918.1128,-3.2790852,-3.4936653,-0.21458019
3953.5595,-3.2085065,-3.463549,-0.25504248
3989.3268,-3.1384813,-3.4347467,-0.2962654
4025.4178,-3.0758494,-3.4070979,-0.33124845
4061.8352,-3.0236722,-3.3804599,-0.35678775
4098.5822,-2.9730833,-3.3547061,-0.3816228
4135.6615,-2.9354085,-3.3297233,-0.39431478
4173.0764,-2.8867344,-3.3054108,-0.41867636
4210.8297,-2.853254,-3.2816782,-0.4284242
4248.9245,-2.8213253,-3.2584448,-0.43711943
4287.364,-2.7884429,-3.2356375,-0.44719463
4326.1513,-2.7569449,-3.2131908,-0.4562459
4365.2895,-2.7305571,-3.1910452,-0.46048811
4404.7817,-2.7110925,-3.1691468,-0.45805431
4444.6312,-2.6964716,-3.1474466,-0.45097504
4484.8413,-2.6891934,-3.1258998,-0.43670637
4525.4151,-2.6819804,-3.1044653,-0.42248494
4566.3559,-2.6819519,-3.0831056,-0.40115371
4607.6672,-2.6811635,-3.0617858,-0.38062229
4649.3522,-2.6844962,-3.040474,-0.35597783
4691.4143,-2.6940284,-3.0191403,-0.32511197
4733.857,-2.6903602,-2.9977571,-0.30739691
4776.6836,-2.6952784,-2.9762986,-0.28102018
4819.8977,-2.7048725,-2.9547404,-0.24986794
4863.5027,-2.6979745,-2.93306,-0.23508547
4907.5022,-2.6901266,-2.9112359,-0.22110925
4951.8998,-2.6826766,-2.8892479,-0.20657124
4996.699,-2.6663251,-2.8670769,-0.20075172
5041.9035,-2.6468471,-2.8447047,-0.19785763
5087.517,-2.6245627,-2.8221141,-0.19755143
5133.5432,-2.6081203,-2.7992886,-0.19116834
5179.9857,-2.5888241,-2.7762125,-0.1873884
5226.8484,-2.5801423,-2.7528708,-0.17272847
5274.1351,-2.5686982,-2.729249,-0.16055072
5321.8495,-2.57578,-2.7053333,-0.12955328
5369.9956,-2.5988447,-2.6811104,-0.082265698
5418.5773,-2.6364553,-2.6565677,-0.020112373
5467.5985,-2.6982323,-2.6316929,0.066539415
5517.0632,-2.783448,-2.6064743,0.17697372
5566.9754,-2.8854942,-2.5809007,0.30459353
5617.3392,-3.0098166,-2.5549613,0.45485526
5668.1586,-3.130295,-2.528646,0.60164903
5719.4377,-3.2703796,-2.5019449,0.76843475
5771.1807,-3.4067407,-2.4748487,0.93189198
5823.3919,-3.5090633,-2.4473489,1.0617144
5876.0754,-3.6083615,-2.4194372,1.1889243
5929.2356,-3.6373489,-2.391106,1.2462428
5982.8766,-3.6376472,-2.3623485,1.2752987
6037.003,-3.5583596,-2.3331582,1.2252014
6091.619,-3.4433907,-2.3035297,1.139861
6146.7291,-3.2813999,-2.273458,1.0079419
6202.3379,-3.064106,-2.2429392,0.82116674
6258.4496,-2.8364116,-2.2119702,0.62444133
6315.0691,-2.5651663,-2.1805489,0.38461738
6372.2007,-2.2952858,-2.1486742,0.14661165
6429.8493,-2.0288629,-2.1163461,-0.087483202
6488.0193,-1.7508728,-2.0835661,-0.33269323
6546.7156,-1.5317988,-2.0503367,-0.51853799
6605.943,-1.3277926,-2.0166624,-0.68886972
6665.7061,-1.1906313,-1.9825487,-0.79191745
6726.0099,-1.0743924,-1.9480035,-0.87361109
6786.8593,-1.026064,-1.9130362,-0.88697217
6848.2592,-1.00856,-1.8776586,-0.86909861
6910.2146,-1.0331433,-1.8418846,-0.8087413
6972.7305,-1.1019867,-1.8057307,-0.70374399
7035.8119,-1.1855831,-1.7692163,-0.58363318
7099.464,-1.2964853,-1.7323635,-0.43587827
7163.692,-1.4158971,-1.6951979,-0.27930087
7228.5011,-1.5195983,-1.6577485,-0.13815019
7293.8964,-1.6161941,-1.6200481,-0.0038539626
7359.8834,-1.6818566,-1.5821337,0.099722913
7426.4674,-1.7301554,-1.5440468,0.18610861
7493.6537,-1.7540928,-1.5058338,0.24825897
7561.4479,-1.7628673,-1.4675463,0.29532101
7629.8554,-1.7515657,-1.4292415,0.32232424
7698.8817,-1.722917,-1.3909827,0.33193429
7768.5326,-1.6849072,-1.35284,0.33206719
7838.8135,-1.6317103,-1.3148903,0.31682002
7909.7303,-1.5765198,-1.277218,0.29930173
7981.2887,-1.5068129,-1.2399157,0.26689717
8053.4944,-1.4346381,-1.2030845,0.23155362
8126.3534,-1.3555084,-1.1668344,0.18867398
8199.8715,-1.2774094,-1.1312854,0.14612401
8274.0548,-1.1987348,-1.0965675,0.10216728
8348.9091,-1.1179642,-1.0628213,0.05514291
8424.4407,-1.0383877,-1.0301986,0.0081890677
8500.6556,-0.96371341,-0.99886317,-0.035149759
8577.56,-0.89532682,-0.96899044,-0.07366362
8655.1601,-0.82579508,-0.94076853,-0.11497345
8733.4623,-0.76550629,-0.91439821,-0.14889192
8812.4729,-0.71238125,-0.89009315,-0.17771191
8892.1982,-0.6553614,-0.86808003,-0.21271864
8972.6448,-0.61495193,-0.84859839,-0.23364646
9053.8193,-0.56738851,-0.83190043,-0.26451192
9135.7281,-0.53895889,-0.8182506,-0.27929171
9218.3779,-0.50961,-0.80792491,-0.29831491
9301.7754,-0.4853879,-0.80121013,-0.31582223
9385.9274,-0.46958489,-0.79840257,-0.32881769
9470.8408,-0.46122929,-0.79980678,-0.33857749
9556.5223,-0.46455612,-0.80573378,-0.34117766
9642.979,-0.47410899,-0.81649913,-0.34239014
9730.2179,-0.49986656,-0.83242066,-0.3325541
9818.2459,-0.53646784,-0.85381591,-0.31734807
9907.0704,-0.5905684,-0.88099936,-0.29043096
9996.6985,-0.64924869,-0.91427938,-0.26503068
10087.137,-0.72893449,-0.95395502,-0.22502054
10178.394,-0.81217446,-1.0003128,-0.18813829
10270.477,-0.90776045,-1.053623,-0.14586256
10363.393,-1.015243,-1.1141369,-0.098893926
10457.149,-1.1311517,-1.1820829,-0.050931208
10551.754,-1.2490626,-1.257664,-0.0086014544
10647.214,-1.3756041,-1.3410548,0.034549298
10743.538,-1.5073577,-1.4323989,0.074958812
10840.734,-1.6385536,-1.5318075,0.10674612
10938.809,-1.776736,-1.6393577,0.13737827
11037.771,-1.9176214,-1.7550918,0.16252968
11137.628,-2.0680696,-1.8790167,0.18905293
11238.389,-2.2145814,-2.0111048,0.20347658
11340.061,-2.373243,-2.1512947,0.22194823
11442.653,-2.530455,-2.2994928,0.23096218
11546.173,-2.6951388,-2.4555754,0.23956338
11650.63,-2.8639267,-2.619391,0.24453562
11756.032,-3.0376056,-2.7907638,0.24684178
11862.388,-3.2176731,-2.9694963,0.2481768
11969.705,-3.3994989,-3.1553729,0.24412606
12077.994,-3.5871522,-3.3481635,0.2389887
12187.262,-3.7769894,-3.5476273,0.22936213
12297.518,-3.9752849,-3.7535157,0.22176919
12408.772,-4.1763234,-3.9655762,0.2107472
12521.033,-4.3834916,-4.1835556,0.19993597
12634.309,-4.6017476,-4.4072029,0.19454472
12748.61,-4.8107702,-4.636272,0.1744982
12863.946,-5.0315347,-4.8705245,0.16101011
12980.324,-5.2551079,-5.1097318,0.14537611
13097.756,-5.4881469,-5.3536768,0.13447001
13216.249,-5.7195109,-5.6021564,0.11735451
13335.815,-5.9585495,-5.8549819,0.10356762
13456.463,-6.2046547,-6.1119811,0.092673601
13578.202,-6.4467452,-6.3729989,0.073746328
13701.042,-6.7049933,-6.6378982,0.067095108
13824.994,-6.9573502,-6.9065607,0.050789485
13950.067,-7.2127318,-7.1788871,0.03384472
14076.271,-7.4848778,-7.4547979,0.030079914
14203.617,-7.7608394,-7.7342336,0.026605832
14332.116,-8.0234711,-8.017155,0.0063161606
14461.777,-8.3077524,-8.3035432,0.0042091609
14592.611,-8.5931526,-8.5934003,-0.00024772151
14724.628,-8.8808224,-8.8867491,-0.0059267702
14857.84,-9.1795,-9.1836337,-0.0041336996
14992.257,-9.4723771,-9.4841193,-0.011742239
15127.89,-9.7727202,-9.7882928,-0.015572599
15264.75,-10.085138,-10.096263,-0.011124666
15402.849,-10.39506,-10.408159,-0.01309928
15542.196,-10.720439,-10.724134,-0.003695747
15682.805,-11.035185,-11.044363,-0.0091786647
15824.685,-11.36011,-11.369042,-0.0089319836
15967.849,-11.704796,-11.698389,0.0064067018
16112.308,-12.032451,-12.032643,-0.00019250848
16258.074,-12.358072,-12.372063,-0.013991636
16405.159,-12.708036,-12.716926,-0.0088903386
16553.575,-13.04861,-13.067525,-0.018914381
16703.333,-13.411399,-13.424161,-0.012762016
16854.446,-13.77495,-13.787143,-0.012192889
17006.926,-14.118995,-14.156771,-0.037776525
17160.786,-14.497129,-14.53333,-0.036200576
17316.037,-14.878923,-14.917064,-0.038141009
17472.693,-15.249543,-15.308155,-0.058611519
17630.767,-15.65062,-15.706679,-0.056059227
17790.27,-16.020494,-16.11256,-0.092065563
17951.216,-16.408038,-16.525487,-0.11744883
18113.619,-16.787403,-16.944824,-0.15742076
18277.49,-17.20626,-17.369459,-0.16319907
18442.845,-17.605062,-17.797626,-0.19256322
18609.695,-17.995393,-18.22665,-0.23125687
18778.055,-18.450158,-18.652629,-0.20247055
18947.937,-18.837401,-19.070039,-0.23263815
19119.357,-19.281043,-19.471279,-0.19023604
19292.327,-19.691572,-19.84622,-0.15464849
19466.863,-20.114999,-20.181863,-0.066864041
19642.977,-20.537105,-20.462326,0.074778707
19820.685,-21.014159,-20.669433,0.34472601
20000,-21.476812,-20.784146,0.69266557
