frequency_hz,stock_mean_db,baseline_repeatability_db,stock_after_delta_db,etymotic_evo_2flange_expected_db,etymotic_evo_2flange_measured_raw_db,etymotic_evo_2flange_measured_normalized_db,etymotic_evo_2flange_error_db
22.0,18.936627914880354,0.02136935145568586,-0.004089192594953772,-9.673889361602049,-9.675765286932567,-9.629613009007938,0.044276352594110335
22.301276318811666,18.969978184440052,0.006777642321868171,0.010660074596067659,-9.674782216117862,-9.690652305846157,-9.644500027921529,0.030282188196332882
22.606678429454096,18.969978184440052,0.006777642321868171,0.010660074596067659,-9.675701516671495,-9.690652305846157,-9.644500027921529,0.03120148874996609
22.91626283208068,19.04536528306894,0.004350774413794056,0.0043607174423030415,-9.676648083780265,-9.679106250639485,-9.632953972714857,0.04369411106540788
23.230086800579315,19.04536528306894,0.004350774413794056,0.0043607174423030415,-9.677622764956501,-9.679106250639485,-9.632953972714857,0.04466879224164444
23.548208393168135,19.12073584045212,0.011150728532477672,-0.0036406624445817215,-9.678626434795216,-9.687866772272852,-9.641714494348223,0.036911940446993086
23.87068646313649,19.12073584045212,0.011150728532477672,-0.0036406624445817215,-9.679659996877223,-9.687866772272852,-9.641714494348223,0.03794550252900031
24.197580669732915,19.15528150290865,0.02163302098579578,-0.005493444651573753,-9.680724384363035,-9.683022994493786,-9.636870716569158,0.04385366779387745
24.528951489202257,19.15528150290865,0.02163302098579578,-0.005493444651573753,-9.681820561355934,-9.683022994493786,-9.636870716569158,0.04494984478677644
24.86486022597392,19.15528150290865,0.02163302098579578,-0.005493444651573753,-9.68294952298286,-9.683022994493786,-9.636870716569158,0.046078806413701656
25.20536902400338,19.192841972643475,0.009792314949205405,0.0018605541974672235,-9.684112297239324,-9.688980990473675,-9.642828712549047,0.0412835846902766
25.5505408782689,19.192841972643475,0.009792314949205405,0.0018605541974672235,-9.685309945885862,-9.688980990473675,-9.642828712549047,0.042481233336815194
25.900439646425806,19.23838291356586,-0.0028511104370956275,0.0068444840547385866,-9.686543565727703,-9.686216962695587,-9.640064684770959,0.04647888095674446
26.255130060620306,19.23838291356586,-0.0028511104370956275,0.0068444840547385866,-9.687814288655876,-9.686216962695587,-9.640064684770959,0.04774960388491678
26.61467773946509,19.2630869244012,-0.010680297300606156,0.0026886898334481657,-9.689123284907165,-9.691662285056797,-9.645510007132168,0.04361327777499646
26.979149200178938,19.2630869244012,-0.010680297300606156,0.0026886898334481657,-9.690471762263371,-9.691662285056797,-9.645510007132168,0.04496175513120271
27.348611870892608,19.306148453845555,-0.00984780022443843,0.008378296842966648,-9.691860968384628,-9.669596073026714,-9.623443795102085,0.06841717328254227
27.723134103123137,19.306148453845555,-0.00984780022443843,0.008378296842966648,-9.69329219140398,-9.669596073026714,-9.623443795102085,0.06984839630189477
28.1027851844191,19.359740726386548,0.009827048843082054,0.005378844756307899,-9.694766761458078,-9.68813123908779,-9.641978961163161,0.05278780029491692
28.487635351178962,19.383819710608286,0.01838217861773117,0.00689754075395399,-9.696286052974928,-9.674625201857666,-9.628472923933037,0.06781312904189107
28.877755801644962,19.421791029787947,0.01735112401247818,0.011424104229355692,-9.697851483940523,-9.699290422872588,-9.65313814494796,0.04471333899256358
29.273218709075053,19.458458380632713,-0.00022600037010178653,0.005771358203375598,-9.699464519492704,-9.708060723756232,-9.661908445831603,0.0375560736611007
29.674097235095008,19.480259110295883,-0.0011070010910003703,0.004416681737367867,-9.70112667151125,-9.70621037735681,-9.660058099432181,0.041068572079069554
30.080465543233597,19.494798487239116,0.015292978839006821,0.004799084333431125,-9.702839501217463,-9.715982035360671,-9.669829757436043,0.0330097437814203
30.492398812642993,19.515412239758597,0.0012143788209826312,-0.001700024947407286,-9.704604620425648,-9.721329404854409,-9.67517712692978,0.029427493495868262
30.909973252007102,19.5368398164671,-0.0013783360924364274,-0.0037123577389657214,-9.706423692361007,-9.700319871071379,-9.65416759314675,0.052256099214256224
31.333266113640352,19.54638157635987,0.0020620701948566023,-0.0009082974036758173,-9.708298433931416,-9.713798416667068,-9.66764613874244,0.04065229518897695
31.762355707779626,19.553922531623602,0.006295448691414407,0.007108523829767677,-9.710230616821896,-9.707017909563756,-9.660865631639128,0.049364985182767995
32.19732141707175,19.564582122088076,0.009977184607215861,0.0056527754140986985,-9.712222069359516,-9.712034918530252,-9.665882640605624,0.04633942875389252
32.63824371125954,19.58447581886779,0.0025967365068986226,0.008809234588380122,-9.714274677641376,-9.717564470573837,-9.671412192649209,0.04286248499216683
33.085204162068926,19.60392345054963,0.0027487273443185245,-0.004473183498681976,-9.71639038725097,-9.701240398909732,-9.655088120985104,0.06130226626586577
33.538285458299846,19.615676960143514,-0.0044828610385714285,-0.0013132026462692181,-9.718571205083027,-9.709851816449394,-9.663699538524765,0.05487166655826137
33.99757142112401,19.617178997165162,-0.0034852432399574695,0.0037873207140926013,-9.720819200875352,-9.717840165271287,-9.671687887346659,0.04913131352869371
34.46314701959187,19.617022633836566,-0.009132354061851089,-0.0007164786130182677,-9.723136508219522,-9.70784780950017,-9.66169553157554,0.06144097664398096
34.93509838635224,19.618394572279247,-0.011145989568323245,0.002410056997383947,-9.725525327094552,-9.72327846225837,-9.677126184333742,0.048399142760809255
35.41351283358695,19.618394572279247,-0.011145989568323245,0.002410056997383947,-9.727987924254604,-9.72327846225837,-9.677126184333742,0.05086173992086174
35.8984788691639,19.63585752857546,-0.0070977732177546216,0.015878395000523682,-9.730526636003061,-9.726823281949422,-9.680671004024793,0.04985563197826792
36.390086213011166,19.662493973917428,-0.001993835722750248,0.0037298440659263576,-9.733143869160441,-9.716359379359643,-9.670207101435015,0.06293676772542689
36.8884258137155,19.662493973917428,-0.001993835722750248,0.0037298440659263576,-9.735842102322161,-9.716359379359643,-9.670207101435015,0.06563500088714669
37.393589865347934,19.68445167397741,0.008732760090449432,0.004315751088324049,-9.738623887532968,-9.724575444054935,-9.678423166130306,0.06020072140266208
37.90567182452,19.707560040890918,0.009937485311063199,0.0016937850446652192,-9.741491852546744,-9.725395049487437,-9.679242771562809,0.062249080983935556
38.42476642767339,19.707560040890918,0.009937485311063199,0.0016937850446652192,-9.744448700548404,-9.725395049487437,-9.679242771562809,0.06520592898559485
38.95096970860644,19.72347113166818,-0.0030622212177497943,-0.0058860947642003225,-9.747497213527486,-9.71966824595879,-9.673515968034161,0.07398124549332508
39.48437901624071,19.727700542715354,-0.002453333551741821,-0.006835279025956709,-9.750640251572406,-9.725764360091194,-9.679612082166566,0.07102816940584056
40.02509303263061,19.73203236462971,-0.004806363080291476,-0.004455950219607985,-9.753880755866282,-9.748716961669007,-9.702564683744379,0.051316072121903034
40.57321179121995,19.739375810151497,-0.0007434844714460098,-0.004670712528731968,-9.757221748467067,-9.73998639819158,-9.693834120266951,0.06338762820011645
41.128836695348355,19.741336701065485,-0.007205125697304027,-0.004821348941081993,-9.760666334209022,-9.74231486594432,-9.69616258801969,0.06450374618933097
41.692070537011126,19.769949226054425,-0.005148092559313255,0.0009071788106851386,-9.76421770164882,-9.73726105131355,-9.69110877338892,0.07310892825989868
42.263017515875994,19.786489280766084,-0.0005130193330415977,0.004400835434093864,-9.767879123174986,-9.73795145032725,-9.691799172402622,0.07607995077236396
42.84178325856035,19.80123879084286,-0.01088534379822903,0.0010151860726033135,-9.77165395669179,-9.763634348096552,-9.717482070171924,0.05417188651986571
43.42847483817246,19.820518577592832,-0.005726350379635647,0.002370129818903166,-9.775545645615079,-9.759457286467871,-9.713305008543243,0.06224063707183625
44.02320079412018,19.825646388577553,-0.004620666306088594,0.008558921046603274,-9.779557719742542,-9.767957072900485,-9.721804794975856,0.057752924766685254
44.62607115219107,19.84359439243466,-0.006209929219131993,0.006134166114787121,-9.783693795400307,-9.767022076640108,-9.72086979871548,0.06282399668482697
45.2371974449074,19.836493215049078,-0.024668270681761584,0.014510068333976278,-9.78795757511123,-9.75683430190325,-9.710682023978622,0.0772755511326082
45.85669273216005,19.83379694632046,-0.017254558806538256,0.004381369448147154,-9.79235284881533,-9.76879414647818,-9.722641868553552,0.06971098026177813
46.484671622124736,19.844299843492898,-0.008882618702468648,0.009465326978379096,-9.79688349215716,-9.77838676254272,-9.732234484618091,0.0646490075390691
47.12125029246487,19.841194206608478,0.002193813014869761,0.009978973619190867,-9.80155346749883,-9.781943731366777,-9.735791453442149,0.06576201405668058
47.76654651182474,19.836834998636675,0.00038676988864949635,0.01497960887832761,-9.806366822341072,-9.777584523394975,-9.731432245470346,0.07493457687072613
48.420679661616965,19.857138412054535,-0.00474153813293654,0.004940553805774073,-9.811327688870602,-9.779302279360358,-9.73315000143573,0.07817768743487186
49.08377075810838,19.840380894895283,0.010058210394980449,0.009438195025769147,-9.81644028296315,-9.762181267604756,-9.716028989680128,0.10041129328302212
49.7559424748083,19.84750738031587,-0.003733512070912326,0.007519165230437608,-9.82170890279101,-9.772926460844166,-9.726774182919538,0.09493471987147117
50.437319165163544,19.877422056832074,0.00201219941431674,0.003103167074840485,-9.827137927697503,-9.785796617070858,-9.73964433914623,0.08749358855127376
51.12802688556399,19.89638741556228,-0.00906548019565534,-0.010789115141069061,-9.83273181563715,-9.817274667531791,-9.771122389607163,0.06160942602998709
51.82819341866339,19.876101052985327,-0.007114515030444579,0.004729807948720577,-9.838495102022053,-9.814389677233473,-9.768237399308845,0.0702577027132083
52.53794829701946,19.893939878017868,-0.009718969859257243,-0.007212384516336101,-9.844432397251973,-9.83445605854749,-9.788303780622861,0.056128616629111505
53.257422827057816,19.896478044963537,-0.014795303750595679,-0.008728843400714226,-9.850548383881485,-9.836994225493159,-9.79084194756853,0.059706436312954025
53.98675011336384,19.894497365281588,-0.007952187178453585,-0.005882436700112237,-9.856847814660322,-9.834117779136921,-9.787965501212293,0.06888231344802875
54.72606508330747,19.902287829376935,-0.010223498079835025,-0.0011483714525226674,-9.863335508690318,-9.823537363017557,-9.777385085092929,0.08595042359738869
55.475504512005045,19.922178113228682,-0.01521769816485019,-0.008433166585305685,-9.870016349094895,-9.824317198103229,-9.7781649201786,0.09185142891629461
56.23520704762309,19.933139889791523,-0.0023706390980073877,-0.01008702429443531,-9.876895279261364,-9.838274961633175,-9.792122683708547,0.08477259555281691
57.005313237028545,19.950376218709437,-0.009153944775825096,-0.010894396840857468,-9.88397729969638,-9.852282211792145,-9.806129933867517,0.07784736582886254
57.78596555179025,19.952193689902273,-0.00702871114659942,-0.003484013881294601,-9.891267464018208,-9.864499660599634,-9.818347382675006,0.07292008134320227
58.577308414536674,19.95305847695544,-0.005992010992208918,0.00554406839860988,-9.898770875589824,-9.874321719496294,-9.828169441571665,0.07060143401815822
59.37948822567429,19.9521008356789,-0.0006305853536545669,0.014677750586116645,-9.906492683591111,-9.866124839734091,-9.819972561809463,0.08652012178164803
60.1926533904721,19.95479690809034,-0.006022730176542979,0.015570249739742081,-9.914438079142347,-9.857488329049707,-9.811336051125078,0.10310202801726831
61.01695434651699,19.955683669166817,0.006103981928607283,0.01949210928837175,-9.922612291212584,-9.864493337170558,-9.81834105924593,0.10427123196665455
61.8525435915451,19.992481905856287,0.00937481324710987,0.006412554048374375,-9.931020584093453,-9.894822140783448,-9.84866986285882,0.08235072123463283
62.69957571165415,19.99133228452291,-0.0011268728061288869,0.00043457410690450615,-9.939668252672677,-9.894771123667034,-9.848618845742406,0.09104940693027075
63.55820740990236,19.973753046638986,0.0017133816031353888,-0.0018609566911429454,-9.948560619862398,-9.908657167090285,-9.862504889165656,0.08605573069674222
64.4285975352989,19.97540148494307,0.010670208389331748,-0.00438288629840855,-9.957703033378701,-9.910305605394369,-9.86415332746974,0.09354970590896095
65.31090711219133,19.97786580102189,0.00789364892511557,-0.00684720237722658,-9.967100863330153,-9.909803347660073,-9.863651069735445,0.10344979359470763
66.20529937005551,19.97855851727545,0.005668147562897019,-0.002208724918421723,-9.976759500648573,-9.919920564344844,-9.873768286420216,0.10299121422835711
67.11193977369342,19.99356393154716,-0.007185661084879058,-0.003486012145582862,-9.986684355099928,-9.923958015841762,-9.877805737917134,0.10887861718279446
68.03099605384475,20.007414646420738,0.00832929264049298,-0.007536518753443744,-9.996880855542539,-9.949643912531135,-9.903491634606507,0.0933892209360323
68.96263823821717,20.002595182306482,0.0035291644854247295,0.0,-10.007354449541339,-9.956915252000602,-9.910762974075974,0.09659147546536495
69.90703868294219,19.996196870721334,-0.0050269452298437045,-0.0039046429452085363,-10.018110605277652,-9.968722706266036,-9.922570428341407,0.09554017693624495
70.86437210446135,20.00993922558415,-0.010812360733115867,0.005806241079220342,-10.02915481441316,-9.971403939943805,-9.925251662019177,0.10390315239398262
71.8348156118492,19.997167336912348,-0.018399226553505343,0.015416138204674468,-10.040492595212845,-9.964071839600159,-9.91791956167553,0.1225730335373143
72.81854873957887,20.007298538154505,-0.011580441526437113,0.006668288616669571,-10.052129498721285,-9.980377343886673,-9.934225065962044,0.11790443275924112
73.81575348073653,20.02660110625826,-0.0033993722758545175,0.006953525985263553,-10.06407111594709,-9.988498440134144,-9.942346162209516,0.12172495373757464
74.82661432069044,20.01776542250185,-0.008875150575935464,0.0005064481278047595,-10.076323086503283,-10.006870584041845,-9.960718306117217,0.11560478038606625
75.85131827122127,20.020939696402156,-0.004222137917626156,0.0016305440631576573,-10.088891109871248,-10.016194899164494,-9.970042621239866,0.11884848863138231
76.89005490511973,20.02662396177513,-0.0016743761164761395,-6.54409506601894e-05,-10.101780958715448,-10.029988307779126,-9.983836029854498,0.11794492886095043
77.94301639125798,20.026394441312068,-0.0008474523883030827,-0.0016119596576800177,-10.114998494353685,-10.035493654320897,-9.989341376396268,0.12565711795741663
79.01039753014139,20.028966852112468,-0.004213642052572908,0.0017255552961223941,-10.128549685446584,-10.059932024805281,-10.013779746880653,0.11476993856593154
80.09239578994719,20.045688129825628,0.005687998163061536,-0.004330861638173644,-10.14244062841505,-10.073712592183231,-10.027560314258603,0.11488031415644784
81.1892113430564,20.03880312904402,0.0010803335568603245,-0.0005731048744799239,-10.156677571793779,-10.080369001422994,-10.034216723498366,0.12246084829541282
82.30104710308629,20.02771151304791,0.003285874561960611,0.010308456109843434,-10.171266943063308,-10.083077760212719,-10.03692548228809,0.13434146077521802
83.4281087624301,20.024053727751784,0.005502755263037784,0.010299979603825449,-10.186215379068793,-10.106099966432616,-10.059947688507988,0.12626769056080533
84.5706048303103,20.033079595782176,0.0009383307138435271,0.005187533356792784,-10.201529759566206,-10.122729700349112,-10.076577422424483,0.12495233714172294
85.72874667135359,20.033227984754156,-0.0003705455710978356,0.002816774090536711,-10.217217244366525,-10.128798108888342,-10.082645830963713,0.13457141340281176
86.90274854469375,20.041291072304514,-0.00955982872467942,0.004297285320209454,-10.233285314310157,-10.143479861587432,-10.097327583662803,0.13595773064735361
88.09282764361019,20.032613938524236,0.004657964813524984,0.007102438908752617,-10.249741815762292,-10.144104693629963,-10.097952415705334,0.1517894000569573
89.29920413570918,20.036853621138746,0.009139215591332572,0.005741508860431566,-10.266595008880767,-10.151699279563573,-10.105547001638945,0.16104800724182233
90.52210120365547,20.049402332281424,0.010314290310287078,0.009354794586933224,-10.283853619950193,-10.181398829958264,-10.135246552033635,0.14860706791655787
91.76174508646154,20.057985314257085,0.0066751687306769725,0.001747548572968327,-10.30152689737163,-10.201098390461762,-10.154946112537134,0.1465807848344962
93.01836512134263,20.056877722287453,0.004459984791413518,0.004955875288182199,-10.319624671160403,-10.22587438431823,-10.179722106393601,0.13990256476680152
94.29219378614435,20.062405378542756,-0.010027692417210687,0.0024049569756172673,-10.338157417031173,-10.23590117690869,-10.189748898984062,0.14840851804711086
95.58346674235186,20.065159787562006,-0.0033666877945002227,-0.002907528402712245,-10.357136323192819,-10.248785412673715,-10.202633134749087,0.1545031884437318
96.89242287868792,20.066289742584416,-0.0036365404411036195,-0.003086734417614423,-10.37657336117203,-10.265920466064387,-10.219768188139758,0.15680517303227148
98.21930435530768,20.060535899883348,-0.015913772181615826,-0.0016149374501495117,-10.396481359393707,-10.28771068244615,-10.241558404521522,0.15492295487218577
99.56435664859904,20.05732201209164,0.0001404002476022015,-0.008536023599781117,-10.416874080110496,-10.298478283677865,-10.252326005753236,0.16454807435725982
100.92782859659641,20.06048153302961,-0.00020487260048795974,-0.004631462870769099,-10.437766298450509,-10.317292017325887,-10.271139739401258,0.1666265590492504
102.30997244501631,20.061922713804744,-0.002796130497589644,-0.005196434305414499,-10.459173883918435,-10.335725486301389,-10.28957320837676,0.16960067554167502
103.71104389392349,20.054547190511013,0.003697437728401809,-0.002647586185585027,-10.481113882507957,-10.347846682070951,-10.301694404146323,0.17941947836163408
105.13130214503607,20.075141959074088,0.005379906079866714,0.0057661661211128035,-10.503604600556915,-10.380000212833302,-10.333847934908674,0.16975666564824188
106.57100994967841,20.06610947079353,-0.002195473167478923,0.004705079484782715,-10.526665687439339,-10.40782882480806,-10.361676546883432,0.16498914055590674
108.03043365739119,20.068945504172664,0.005395138434376889,0.0029293061710689017,-10.550318217540596,-10.425378208374472,-10.379225930449843,0.17109228709075275
109.50984326520606,20.072701844623502,0.0015471394168606878,0.0037336613448921696,-10.57458476958481,-10.446079082137413,-10.399926804212784,0.17465796537202571
111.00951246759624,20.078465745977013,0.0019934165846677843,0.0015239636866084538,-10.599489501860106,-10.477168562658353,-10.431016284733724,0.1684732171263814
112.52971870711059,20.095466604261865,0.0006233307738128246,-0.008559037827090776,-10.625058221389665,-10.50237238646455,-10.456220108539922,0.16883811284974293
114.07074322570108,20.094908373000035,-0.008670201165973168,-0.008038351800568222,-10.651318445565703,-10.528119366169168,-10.48196708824454,0.16935135732116358
115.63287111675338,20.09817102600719,-0.0025946899639883725,0.0009117080789025067,-10.678299452557187,-10.534703573705377,-10.488551295780749,0.18974815677643875
117.21639137782972,20.090628136665305,-0.002499532618006839,-0.0029870969637606493,-10.70603231839566,-10.551180967118896,-10.505028689194267,0.20100362920139325
118.8215969641343,20.099859668773757,-0.004665973176248173,-0.001617218220037131,-10.734549937271332,-10.577230436607367,-10.531078158682739,0.2034717785885931
120.44878484271058,20.093061225353217,0.0008890919248045748,0.0032710384299825535,-10.76388701979037,-10.60644121453219,-10.560288936607561,0.20359808318280948
122.09825604738107,20.093568527022605,0.003898060407209414,0.0017528508216955174,-10.794080064822076,-10.631820531004049,-10.58566825307942,0.20841181174265522
123.77031573443924,20.09536313947186,0.01636293261166699,0.005588609864378924,-10.825167299931014,-10.643597326740352,-10.597445048815723,0.22772225111529032
125.46527323910423,20.0888166715598,0.0015278017488391527,0.0036266790842276464,-10.857188581671286,-10.666936388934257,-10.620784111009629,0.23640447066165748
127.18344213274867,20.10847270435278,-0.0014316803210299156,-0.005411489539163483,-10.890185250044489,-10.682421503787799,-10.63626922586317,0.25391602418131853
128.92514028090997,20.09308002618964,0.01169985064953849,-0.005826835019803411,-10.924199926046395,-10.739023357240402,-10.692871079315774,0.23132884673062115
130.6906899020968,20.087566956300346,0.0026192772843351975,-0.009017043265131974,-10.959276242800462,-10.779758194615729,-10.7336059166911,0.22567032610936089
132.4804176273996,20.067828291917028,0.022040537713710506,-0.0071864309305063045,-10.995458498016799,-10.78648169115024,-10.740329413225611,0.25512908479118757
134.2946545609185,20.046077416860566,0.0019682593186409747,-0.0035669600539200985,-11.032791213653354,-10.805888399367223,-10.759736121442595,0.2730550922107593
136.13373634101842,20.066130234367623,0.004554016612313916,-0.006951150876798096,-11.071318587420063,-10.83540473042741,-10.789252452502781,0.2820661349172813
137.99800320242298,20.08943474268619,0.010710805752363939,-0.004846372708097846,-11.111083819306879,-10.89920222120526,-10.85304994328063,0.25803387602624817
139.88780003915875,20.092951547774945,0.013955000564408238,-0.006605103088499931,-11.152128292987697,-10.905148764276603,-10.858996486351975,0.29313180663572247
141.8034764683615,20.117748652950386,0.0022762802162610285,-0.0047072459315806725,-11.194490592142625,-10.962911965429136,-10.916759687504507,0.27773090463811734
143.74538689495614,20.10985639108948,0.010165298598657557,-0.0005124921245638348,-11.238205330028068,-11.011076314021484,-10.964924036096855,0.2732812939312126
145.71389057722303,20.104012812139704,-0.007295659459689574,-0.001979387754598605,-11.28330176876635,-11.03212846100475,-10.98597618308012,0.29732558568622913
147.70935169326086,20.104184136005042,-0.0062973563307942015,-0.001137104147932888,-11.329802206022567,-11.067411897761623,-11.021259619836995,0.3085425861855722
149.73213940836104,20.11072236193954,0.0003808388244657124,-0.0013994978260676305,-11.37772010725907,-11.111434617322642,-11.065282339398014,0.3124377678610557
151.78262794330408,20.12098170568791,0.0068150821514301185,0.001495899709151871,-11.427057966117626,-11.143844055637997,-11.097691777713369,0.3293661884042578
153.86119664359134,20.11353691836972,0.008058227130863571,-0.0022896603001214544,-11.477804877434703,-11.174950098635673,-11.128797820711045,0.34900705672365895
155.96823004962496,20.115110920689084,0.005255460225647823,0.0024607302002870313,-11.529933819236193,-11.231999074309428,-11.1858467963848,0.3440870228513937
158.10411796784874,20.10853052438945,0.007859278676107806,0.003571849003243699,-11.583398648193944,-11.26869732206168,-11.222545044137052,0.36085360405689215
160.26925554286325,20.09720787849104,-0.0041339106967477335,0.006117447841752721,-11.638130830691297,-11.299621904165637,-11.253469626241008,0.38466120445028906
162.46404333052874,20.099636716369094,-0.009298288596301774,0.011725791380722939,-11.694035953426155,-11.351920326724418,-11.30576804879979,0.38826790462636573
164.6888873720688,20.096789998474303,-0.00929481446968694,-0.0012939208733193652,-11.750990080688261,-11.417759997658816,-11.371607719734188,0.3793823609540734
166.94419926918908,20.098451032311075,-0.013966882902035849,0.003963868956567751,-11.808836063745286,-11.460509903245175,-11.414357625320546,0.3944784384247395
169.2303962602247,20.092464948812648,0.010230031255879624,-0.0027922516403648956,-11.867379941212077,-11.505348399494782,-11.459196121570153,0.4081838196419234
171.54790129733016,20.100690685563453,0.009521193089309321,-0.0029618347325346406,-11.926387616325883,-11.57231335416018,-11.526161076235551,0.40022654009033154
173.89714312472668,20.115089973084523,-0.002092137483895584,-0.0037712432703145282,-11.985582043182518,-11.636149588523699,-11.58999731059907,0.3955847325834476
176.2785563580214,20.1191895419888,0.0023167678494750987,-0.003584053460642167,-12.044641199032057,-11.677975820021613,-11.631823542096985,0.4128176569350721
178.6925815646114,20.12397843259913,-0.008963031816747957,-0.004916928604327353,-12.103197161154329,-11.780833078738372,-11.734680800813743,0.36851636034058544
181.1396653451905,20.12016775958182,-0.0027279725752862305,-0.005750396540015856,-12.160836635055247,-11.817012163882106,-11.770859885957478,0.38997674909776947
183.62026041637128,20.119587679619272,-0.00404438235105431,-0.0022500510561584974,-12.217103286633328,-11.88347417730721,-11.837321899382582,0.3797813872507465
186.13482569443875,20.11204276156792,-0.02006918327257523,0.003653526987825728,-12.271502209083279,-11.921020778291803,-11.874868500367175,0.39663370871610404
188.68382638025113,20.12313165346353,-0.02020875279957579,-0.0018813359136267138,-12.323506790748551,-11.960572949280092,-11.914420671355463,0.4090861193930877
191.26773404530306,20.109467999900893,-0.027060918099437004,0.00620109158918325,-12.372568142684635,-11.991913636664147,-11.945761358739519,0.42680678394511595
193.88702671896732,20.10987578809473,-0.034715811351563985,-0.0016824518720959247,-12.418127084006787,-12.089612718940334,-12.043460441015705,0.3746666429910821
196.54218897693232,20.10852874455282,-0.020500410852594797,0.0009387382399310695,-12.459628479515956,-12.135799538438736,-12.089647260514107,0.36998121900184877
199.2337120308486,20.121564489526072,-0.00943725300550824,0.002051550195346863,-12.49653748829343,-12.223842120434949,-12.17768984251032,0.3188476457831104
201.96209381920488,20.11275864794049,-0.013740424703041043,-0.0030658918067452134,-12.528357033624859,-12.276670001067744,-12.230517723143116,0.29783931048174317
204.72783909944792,20.128602703853744,-0.005350599399402967,-0.005687134384253056,-12.554645581554452,-12.317584677746602,-12.271432399821974,0.2832131817324779
207.53145954136383,20.11643309877751,-0.003991348915679538,0.0019849124230724158,-12.575034144647832,-12.35706114565097,-12.310908867726342,0.2641252769214901
210.37347382173814,20.106498315660883,-0.008752670858289235,0.002132686690490715,-12.589241354481864,-12.398299864595096,-12.352147586670467,0.23709376781139646
213.2544077203125,20.129537926994033,0.010412607048614575,-0.0038703689530343865,-12.597085486120907,-12.430241528718792,-12.384089250794164,0.2129962353267434
216.1747942170552,20.137188564207115,0.0016029437596571938,0.00682366407534829,-12.59849248967914,-12.482457097664906,-12.436304819740277,0.1621876699388629
219.13517359076357,20.132122527396085,-0.0006124132179472497,0.008974851896191183,-12.59349937163472,-12.49757068494528,-12.451418407020652,0.1420809646140686
222.1360935190173,20.121250709637113,-0.0005088858251589556,0.014037188057333339,-12.58225264313084,-12.53899410794821,-12.49284183002358,0.08941081310725885
225.17810917949976,20.10432019227371,-0.006023641218018128,0.0066247075958330015,-12.565001964780457,-12.54451060193703,-12.498358324012402,0.06664364076805462
228.26178335270757,20.106191346249343,-0.001085844596634189,0.018280462835537747,-12.542089511873058,-12.579960435616629,-12.533808157692,0.00828135418105802
231.38768652606623,20.109883237996037,0.0019430262102737572,0.013828485156402337,-12.513935910077588,-12.570891258561755,-12.524738980637126,-0.010803070559537886
234.5563969994718,20.117857077034607,0.0043204623521688745,0.010039616673910956,-12.481023807845524,-12.589167834702712,-12.543015556778084,-0.06199174893255943
237.76850099227767,20.12661244109411,-0.0032783075496745084,0.010552851248910144,-12.443880242830394,-12.57599432790811,-12.52984204998348,-0.08596180715308677
241.0245927517466,20.138060363049348,0.012208452284102833,0.00508550822094378,-12.403058924784611,-12.58041696020958,-12.534264682284952,-0.13120575750034114
244.3252746629888,20.143372717568333,0.0005525236212520213,-0.0062074252253125906,-12.359123421237289,-12.557121160937427,-12.510968883012799,-0.15184546177551006
247.67115736040313,20.143820728840165,-0.006680796107158216,-0.0031035559239818156,-12.312632023185992,-12.5554347672862,-12.509282489361572,-0.1966504661755799
251.06285984064712,20.14324172453569,-0.0015043686402655965,-0.0013073766589535296,-12.264124826272077,-12.494679266502466,-12.448526988577838,-0.18440216230576034
254.50100957715262,20.12987591241192,0.003205459754386908,0.00026007979385767044,-12.214113318507898,-12.480858337624673,-12.434706059700044,-0.22059274119214578
257.9862426362095,20.152010908289473,0.004868835543344829,-0.0026416650968670297,-12.163072548269671,-12.45832182626236,-12.412169548337731,-0.24909700006806013
261.51920379464093,20.143152277209445,0.004619169100806175,0.0010223583291164573,-12.111435768625565,-12.421250253204866,-12.375097975280237,-0.2636622066546721
265.1005466590868,20.122147056322607,0.007397002932069796,-0.0014779931018154002,-12.059591325803527,-12.36726872934372,-12.321116451419092,-0.26152512561556485
268.73093378692363,20.12061882567147,0.006576608498722436,-0.007788668590805514,-12.00788148139865,-12.312946369567086,-12.266794091642458,-0.25891261024380796
272.4110368088394,20.114364081094095,0.0134787883848837,-0.009747103868456009,-11.956602818768896,-12.267281892066755,-12.221129614142127,-0.26452679537323043
276.14153655308655,20.11483620110606,0.01183840927455293,-0.008008837011818315,-11.90600788237017,-12.221983211110683,-12.175830933186054,-0.26982305081588365
279.9231231714371,20.11271838108645,0.005793526245138736,-0.0041544572017926384,-11.856307718808647,-12.190227472416026,-12.144075194491398,-0.28776747568275063
283.75649626686237,20.119699403537993,-0.010814714257762148,0.0005132465870083536,-11.807675026466741,-12.139507971102008,-12.09335569317738,-0.28568066671063796
287.64236502296137,20.118240685319897,0.004214455826492269,-0.002312209139923027,-11.760247663371148,-12.064361537318936,-12.018209259394308,-0.2579615960231596
291.5814483351614,20.115277917074383,0.0046815743949757405,0.004158512398692693,-11.714132312254977,-12.044907035352187,-11.998754757427559,-0.28462244517258206
295.5744749437156,20.123325617623653,0.005520583313508354,0.00041117119542732894,-11.669408144689053,-11.98480444586287,-11.938652167938242,-0.2692440232491897
299.62218356852173,20.118155668400426,-0.004574750008451645,-0.000878304686189324,-11.626130368562794,-11.900942281060885,-11.854790003136257,-0.2286596345734626
303.7253230457871,20.12381453727121,0.0032809101301474186,0.00622882352662657,-11.584333577894824,-11.848926713050353,-11.802774435125725,-0.21844085723090068
307.8846524665653,20.143638390929148,0.01040653851699247,0.003185291837926485,-11.544034852310723,-11.806438943221547,-11.760286665296919,-0.21625181298619545
312.1009413171897,20.107057849231705,-0.0009160941965156155,0.00887540117547303,-11.505236577813811,-11.744108097755184,-11.697955819830556,-0.19271924201674473
316.3749696216306,20.129977679421547,0.007304564112470047,-0.006387348722224573,-11.467928977601208,-11.709448122882499,-11.66329584495787,-0.19536686735666287
320.70752808580147,20.10291052449861,0.0010401792985028635,0.004223545248748906,-11.432092354389367,-11.656583395339046,-11.610431117414418,-0.17833876302505125
325.09941824384117,20.132762976846237,-0.006886684168279089,-0.014781212908587804,-11.39769905579284,-11.638151983397673,-11.591999705473045,-0.19430064968020488
329.55145260640114,20.11402833933014,0.0017961678056650499,-0.0020545600921018092,-11.364715179419914,-11.574957250244452,-11.528804972319824,-0.16408979289990988
334.06445481096,20.114761033558857,0.0014326896168803671,-0.005041676256624328,-11.333102038858865,-11.530790400989524,-11.484638123064896,-0.1515360842060307
338.63925977419973,20.133930937713718,-0.0030737158248079766,0.002632616385032094,-11.302817412821586,-11.525973977326299,-11.47982169940167,-0.17700428658008427
343.276713846467,20.140964736629403,0.009939932156260767,-0.005680701057663384,-11.273816600291735,-11.48677531533641,-11.44062303741178,-0.16680643712004617
347.9776749683502,20.157822411244325,0.000996713323502263,-0.0005680559633205462,-11.246053304305798,-11.451885671717564,-11.405733393792936,-0.15968008948713752
352.7430128294002,20.150701321223803,0.005029359119529175,-0.0022856779566886587,-11.219480365575334,-11.409270500192804,-11.363118222268175,-0.14363785669284113
357.5736090290265,20.146507045264027,-0.0018307702159425787,-0.0005960305429582036,-11.194050365705214,-11.381110208514398,-11.33495793058977,-0.14090756488455547
362.4703572395933,20.125258354503423,-0.00717842238595523,0.007923310129221761,-11.169716117954088,-11.325486153985988,-11.27933387606136,-0.10961775810727126
367.43416337175216,20.120510525741654,0.0021543363779166214,0.012671138890990363,-11.14643106218191,-11.294339961693803,-11.248187683769174,-0.10175662158726517
372.46594574203795,20.121479054856636,-0.0005697594771021386,0.006960212436972313,-11.124149577764628,-11.269686751834415,-11.223534473909787,-0.09938489614515866
377.5666352427592,20.1112816694532,0.0009458829253823353,0.002407401138064813,-11.102827227631426,-11.242785717690213,-11.196633439765584,-0.09380621213415807
382.7371755142159,20.108664674993822,0.00029795943253319024,0.00013953635246721774,-11.082420944538459,-11.226439063909794,-11.180286785985166,-0.09786584144670663
387.97852311927494,20.11799464338275,0.0011186264863844997,-0.007071336757313418,-11.062889169298824,-11.181230155800442,-11.135077877875814,-0.07218870857698967
393.2916477203369,20.124698558250174,-0.0018077425980322914,-0.005846011282159225,-11.044191948660092,-11.155700806226708,-11.10954852830208,-0.06535657964198727
398.677532258726,20.13186523487932,0.00360569062956273,-0.012363782350956143,-11.026291000938656,-11.154635822599163,-11.108483544674534,-0.08219254373587859
404.13717313653643,20.128560578948598,0.014589643121990292,-0.011161157645894093,-11.009149754795938,-11.13933484425046,-11.093182566325831,-0.08403281152989273
409.6715804009696,20.112017857935005,0.01670298172978235,-0.005199557850122716,-10.992733366378973,-11.093242387050424,-11.047090109125795,-0.05435674274682256
415.28177793119517,20.107772730334773,0.016419555414401543,0.0018121022072179471,-10.97700871952982,-11.075007478854294,-11.028855200929666,-0.0518464813998456
420.96880362777136,20.120168259571198,0.016296136167820663,-0.0046995532843325805,-10.961944412482524,-11.060920463524901,-11.014768185600273,-0.05282377311774944
426.733709604659,20.127294549138153,0.012308051183847368,0.0028716926965550726,-10.947510734101362,-11.05630930552239,-11.010157027597762,-0.06264629349639961
432.5775623838653,20.147486905859548,0.009496873629583291,0.006056810652996347,-10.93367963248349,-11.04059734257384,-10.994445064649211,-0.06076543216572183
438.5014430927529,20.148585424424187,0.014247368205271727,0.006736895722184499,-10.920424677572885,-11.014968012992991,-10.968815735068363,-0.04839105749547734
444.5064476640524,20.126809513888283,0.009695787011455792,0.012125151118013378,-10.907721020200324,-10.997380386293035,-10.951228108368406,-0.043507088168082575
450.5936870386105,20.12428657413873,-0.0031145521277551325,-0.0029623082521297306,-10.895545348358597,-10.98012657655078,-10.933974298626152,-0.038428950267554995
456.7642873709182,20.09915225042451,0.0032851845200099206,0.003765064211478375,-10.883875842410228,-10.962603738345663,-10.916451460421035,-0.03257561801080655
463.01939023745217,20.122984929925614,0.009210792858745265,-0.005152802664856182,-10.872692129807444,-10.960652853773182,-10.914500575848553,-0.04180844604110945
469.3601528478687,20.122434788840017,0.012408896557474236,0.0003649448472700101,-10.861975240470795,-10.934899427526133,-10.888747149601505,-0.02677190913071037
475.7877482590904,20.10778586993319,0.01952927728586218,0.0013826762389896885,-10.851707563083167,-10.920633306608533,-10.874481028683904,-0.022773465600737453
482.3033655923264,20.103773305642918,0.02469020955304302,-0.008907431473019756,-10.841872803053993,-10.896147247417831,-10.849994969493203,-0.008122166439209266
488.9082102530598,20.095231719589762,0.003668021039342051,0.004221959882940496,-10.83245594259652,-10.878608220521148,-10.83245594259652,0.0
495.6035041540527,20.095925436718446,0.00580849116918003,-0.0023735097939692196,-10.823443202801412,-10.870156477716638,-10.82400419979201,-0.0005609969905968626
502.3904859414026,20.118958557824076,-0.006311982535297744,-0.00300002024215118,-10.814822008727408,-10.881188464355645,-10.835036186431017,-0.020214177703609337
509.2704112236949,20.119928308409463,-0.004372481364526948,0.002037103704196852,-10.806580956723428,-10.861154037455668,-10.81500175953104,-0.008420802807611594
516.244552804294,20.15456190221773,0.010870122267867544,-0.0018949855181347175,-10.798709784976472,-10.872151996281938,-10.82599971835731,-0.027289933380837184
523.3142009168147,20.141839548107907,0.022730305691677444,0.012076196166606934,-10.791199346836514,-10.85370650867155,-10.807554230746922,-0.016354883910407736
530.4806634638187,20.139052162953778,0.01076109826584215,0.0058216175300849216,-10.784041587287945,-10.841311567682004,-10.795159289757375,-0.011117702469430668
537.7452662587801,20.142672369155154,0.01564397324558442,0.00326514763138519,-10.77722952242108,-10.830933437445964,-10.784781159521335,-0.007551637100254638
545.1093532713641,20.144019632302907,0.006343811107498709,-0.0029530245220357187,-10.770757222083587,-10.820815992905722,-10.774663714981093,-0.003906492897506553
552.5742868760643,20.156645654732444,0.009512909028671857,0.004727874553964284,-10.764619795606693,-10.811592476201362,-10.765440198276734,-0.0008204026700404654
560.1414481042464,20.170613562723695,0.008946441673849392,0.006973848129902649,-10.758813380769048,-10.811059719335363,-10.764907441410735,-0.006094060641686383
567.8122368996411,20.152746990891448,0.004718319391439962,-0.0021584760104538248,-10.75333513577364,-10.805843578369053,-10.759691300444425,-0.006356164670785702
575.5880723773386,20.13248439837531,-0.007657025558710728,0.008323326367658979,-10.74818323457511,-10.784754331457076,-10.738602053532448,0.009581181042662479
583.4703930863272,20.117446026592553,-0.014357085814772574,0.013236832489752715,-10.74335686516773,-10.755263741317563,-10.709111463392935,0.03424540177479507
591.4606572756293,20.12688450364248,0.003500800343420707,-0.001231204427917021,-10.73885623110929,-10.75242007830673,-10.706267800382102,0.032588430727187756
599.5603431640802,20.11938676288438,-0.00819943650229149,-0.011572984635119354,-10.734682556232835,-10.753710448429757,-10.707558170505129,0.027124385727706368
607.7709492138046,20.108707563493436,0.01004152045129203,0.0006306801088591385,-10.730838092489757,-10.748424186568908,-10.70227190864428,0.028566183845477156
616.0939944074322,20.12563430425768,0.0018700756787985995,-0.00877944255377372,-10.727326130940453,-10.74801878327565,-10.701866505351022,0.0254596255894306
624.5310185291163,20.11381324032942,0.0039470425570229395,0.0044786493653461434,-10.724151015960889,-10.738962997509159,-10.69281071958453,0.03134029637635827
633.083582449396,20.129717066486315,0.0024448528239879863,0.006975872067265243,-10.721318162590425,-10.744530712397285,-10.698378434472657,0.0229397281177679
641.7532684139617,20.139340400280986,0.0026978055719339977,0.013717197771441647,-10.718834077189603,-10.739530797427593,-10.693378519502964,0.025455557686639096
650.541680336376,20.121901757059547,0.001522641759905241,0.0135241726075499,-10.71670638119995,-10.717120168531391,-10.670967890606763,0.045738490593187464
659.4504440947987,20.140481052469923,0.012537068528651218,0.027326798436320132,-10.7149438382606,-10.719707140153226,-10.673554862228597,0.0413889760320032
668.4812078327807,20.13773609016519,0.009292519117085618,0.016894215975266746,-10.713556384513653,-10.719820142778929,-10.6736678648543,0.03988851965935325
677.6356422641734,20.12657989243127,0.010031773575033043,0.0054669532419318045,-10.712555162289165,-10.712343653996657,-10.666191376072028,0.046363786217137104
686.9154409822157,20.138349990184967,-0.00365171966950939,0.018365240936933702,-10.7119525570666,-10.71367207334001,-10.667519795415382,0.044432761651217234
696.3223207728528,20.107977616571958,0.005953910812070973,0.0055618958031828925,-10.71176223772996,-10.697946583412351,-10.651794305487723,0.05996793224223751
705.8580219323458,20.100505520350367,-0.005067994825136424,-0.002692250093673465,-10.711999200258957,-10.711252375641159,-10.66510009771653,0.04689910254242591
715.5243085892305,20.112193974213,0.0005445380275190814,-0.00951644249948913,-10.712679814702451,-10.710602830073652,-10.664450552149024,0.04822926255342708
725.3229690306863,20.121085077762274,0.00509267618537379,-0.0029007556223064057,-10.713821875512068,-10.717788731030236,-10.671636453105608,0.04218542240645995
735.2558160333734,20.113121652165745,0.01694803005820944,0.002835763148802073,-10.71544465519641,-10.703689533797922,-10.657537255873294,0.05790739932311695
745.3246871988009,20.12299783957754,0.003299108887308222,-0.001526723396278129,-10.717568961243398,-10.732873758050768,-10.68672148012614,0.030847481117257658
755.5314452932879,20.136711401008988,-0.014155571843975423,0.01249103473169555,-10.720217196224276,-10.719091160498433,-10.672938882573805,0.047278313650471304
765.8779785925798,20.135301094735972,-0.03423162038094674,-0.009156219027332213,-10.72341342098057,-10.721629428196959,-10.67547715027233,0.0479362707082398
776.3662012311842,20.131543431284832,-0.01623654525294782,-0.0030066422417505123,-10.727183420786549,-10.72219017266222,-10.676037894737592,0.05114552604895728
786.99805355649,20.10978256455926,-0.013690894561559475,-0.0006634932985960518,-10.731554774192064,-10.715698382556848,-10.66954610463222,0.06200866955984452
797.7755024877378,20.121955843370387,-0.01044578963933418,0.008530878233464989,-10.736556924361464,-10.695743804211205,-10.649591526286576,0.0869653980748879
808.7005418799022,20.11497051195552,-0.010970083609919357,0.0006677204956275773,-10.742221252559212,-10.704686663624557,-10.658534385699928,0.08368686685928317
819.7751928925649,20.106624936875086,0.0011150485595834425,0.004221725491355244,-10.748581153317794,-10.718032234028948,-10.67187995610432,0.0767011972134739
831.0015043638284,20.111885213165053,-0.010417753212944802,0.004701588619152375,-10.755672110724419,-10.728149994733565,-10.681997716808937,0.07367439391548203
842.38155318936,20.12482024121538,-0.01700026806403443,0.013422299733349519,-10.763531775254016,-10.717945680626535,-10.671793402701907,0.09173837255210948
853.9174447066213,20.11458148844034,-0.001898758751767815,0.011883571299240003,-10.772200040203138,-10.736451325475096,-10.690299047550468,0.08190099265267037
865.6113130843603,20.146148264970527,-0.01419173574848287,0.014443923454969365,-10.781719116735253,-10.74889540194912,-10.702743124024492,0.07897599271076139
877.4653217174417,20.16326370955998,-0.03170925931587831,0.008847402901633217,-10.792133606352653,-10.754323135158373,-10.708170857233744,0.08396274911890877
889.4816636270748,20.18213466691133,-0.009220389459567713,0.014952806460481582,-10.80349056921153,-10.769662383217927,-10.723510105293299,0.07998046391823088
901.6625618665314,20.181120134161468,-0.00931405211231251,0.008171440882755121,-10.815839586535134,-10.771383791734284,-10.725231513809655,0.09060807272547855
914.0102699324154,20.15877904191322,-0.008857047464680079,0.0051938681189156455,-10.829232814897928,-10.775140342930873,-10.728988065006245,0.10024474989168297
926.5270721815654,20.1141062866419,0.0008113776659079974,0.003980108776758584,-10.843725029847302,-10.76356963065332,-10.717417352728692,0.12630767711861068
939.2152842536661,20.12498253296448,0.006987583448896828,-0.0013549649677102593,-10.859373655716684,-10.773006803160595,-10.726854525235966,0.13251913048071806
952.077253499648,20.119306614844533,-0.013540262016530136,0.004162256646242923,-10.876238778042001,-10.773649811118903,-10.727497533194274,0.14874124484772722
965.1153594159524,20.122258063871257,-0.010214352176255659,0.005686625526912792,-10.894383134160206,-10.804047284282767,-10.757895006358138,0.13648812780206754
978.3320140847452,20.154144028922182,0.003996123201577717,-0.0015256305862614283,-10.913872077012403,-10.818055367505393,-10.771903089580764,0.141968987431639
991.7296626201569,20.13518476307887,-0.004740023989889153,-0.007563818151723467,-10.934773506072089,-10.816492651454281,-10.770340373529653,0.1644331325424364
1005.310783620636,20.134700637988043,-0.0008050056136248429,0.0024969650186541514,-10.95715775844762,-10.847569057906783,-10.801416779982155,0.15574097846546486
1019.0778896274951,20.132184589039277,-0.006608867175280864,-0.0031040919385283416,-10.98109745203274,-10.881088464409036,-10.834936186484407,0.14616126554833286
1033.0335275897378,20.125395453650356,0.00750525968763327,0.002632741117356119,-11.006667271199513,-10.887140540469474,-10.840988262544846,0.16567900865466711
1047.18027933525,20.112829657971588,0.0169820245308685,0.019168876784746658,-11.033943684069316,-10.887866839441884,-10.841714561517255,0.19222912255206026
1061.5207620484455,20.12345256381838,0.007855241316914174,0.016501936942347584,-11.063004578814759,-10.914035723527304,-10.867883445602676,0.19512113321208346
1076.0576287544507,20.10021615261404,0.024105172295069366,0.02098671193621726,-11.093928804499527,-10.944991864535329,-10.8988395866107,0.19508921788882638
1090.79356880992,20.12855059855932,0.021941405745405262,0.01613074010848692,-11.126795600022138,-10.965811586907988,-10.91965930898336,0.20713629103877906
1105.731308400579,20.13894900888441,0.015485802722583486,0.025379207065594045,-11.161683892475558,-10.978236300125278,-10.93208402220065,0.22959987027490847
1120.8736110455673,20.14187024096405,0.0020170705450617277,0.014827025950875594,-11.198671444030168,-11.013215136794475,-10.967062858869847,0.23160858516032157
1136.2232781087014,20.160845990692586,0.009732111752828843,0.006699249492630344,-11.237833823921354,-11.043670141938385,-10.997517864013757,0.2403159599075977
1151.783149316734,20.13449220255345,0.002725108623391037,-0.01261802988268812,-11.27924317978702,-11.078119749263298,-11.03196747133867,0.24727570844835078
1167.5561032847093,20.120198645039117,0.015319706040362036,-0.014581095278103362,-11.322966780256733,-11.095060863900375,-11.048908585975747,0.2740581942809861
1183.5450580485133,20.120545215646526,0.025568443402317342,-0.0046265977889348164,-11.369065298619091,-11.131276153942194,-11.085123876017565,0.2839414226015258
1199.7529716047225,20.11280319728389,0.017231888225857972,0.015796046961472854,-11.417590805865993,-11.146439486836517,-11.100287208911888,0.3173035969541047
1216.182842457833,20.123112479658058,-0.00044163212378478534,0.013618870274886063,-11.46858444055512,-11.200606215520036,-11.154453937595408,0.3141305029597117
1232.837710174997,20.114550990456323,-0.019585048174359798,0.008499621086940579,-11.522073723364752,-11.238634714867409,-11.19248243694278,0.3295912864219712
1249.7206559483484,20.112431189927015,-0.013507684285144705,-0.006245290845050988,-11.578069486192035,-11.271484650455605,-11.225332372530977,0.35273711366105864
1266.8348031650314,20.127384978164454,-0.005534167049223271,-0.0007903762470213849,-11.636562390117959,-11.320576760595415,-11.274424482670787,0.3621379074471722
1284.1833179850344,20.11859039438599,-0.0018174519262998956,-0.003829305781664516,-11.697519013870616,-11.390818925199994,-11.344666647275366,0.35285236659525054
1301.7694099269384,20.100353830682725,-0.023427567357575896,0.003036960257173149,-11.760877506067317,-11.414875599673493,-11.368723321748865,0.3921541843184517
1319.596332461685,20.10312280165673,-0.017606972726579073,0.009183668969427572,-11.826542810960575,-11.474707744318298,-11.42855546639367,0.3979873445669053
1337.6673836144776,20.111952577543406,-0.01076613138609872,-0.004000511912007454,-11.894381500452386,-11.52549150534034,-11.479339227415712,0.41504227303667385
1355.9859065749235,20.11086185972045,-0.003348268696875323,0.004663119501785218,-11.964216275429374,-11.560323005903825,-11.514170727979197,0.450045547450177
1374.5552903155324,20.12761696879472,-0.006153324041925146,-0.002450798491786088,-12.03582023867728,-11.654506175631827,-11.608353897707198,0.4274663409700814
1393.3789702186855,20.13888442942419,0.004098906319565998,-0.0037871774731890184,-12.108911090203208,-11.7175391972306,-11.671386919305972,0.4375241708972357
1412.4604287121892,20.14637133088684,0.005319454617289665,0.0038902792209221104,-12.183145454194285,-11.773908534278554,-11.727756256353926,0.45538919784035947
1431.803195913533,20.136015872570038,-0.008797909818273553,-0.0061260043637823,-12.258113614328126,-11.831099133801661,-11.784946855877033,0.473166758451093
1451.41085028297,20.175615591348986,-0.0011992818260289084,0.0032934709185497013,-12.333335008537926,-11.879947412257856,-11.833795134333227,0.49953987420469836
1471.2870192855398,20.147260261247744,-0.01930160179023943,0.002725740092238027,-12.408254911142889,-11.97609300945275,-11.929940731528122,0.47831417961476674
1491.4353800621643,20.126840920008235,-0.0006072250132369561,0.0005719852523711211,-12.48224280277804,-12.038605665211417,-11.992453387286789,0.4897894154912521
1511.8596601099196,20.11163303854567,-0.004331214274358786,0.003553907988717242,-12.554592986433157,-12.114224866651137,-12.068072588726508,0.48652039770664857
1532.5636379716366,20.103525129939005,-0.024960299411350917,0.002175980965493096,-12.624528037938681,-12.189094410354645,-12.142942132430017,0.4815859055086644
1553.5511439349418,20.103162043332514,-0.03192717438014725,-0.007564683751596135,-12.691205665098227,-12.253927544184865,-12.207775266260237,0.48343039883799044
1574.8260607408681,20.111863851272968,-0.031031217643860742,-0.008042479451617623,-12.753729474293007,-12.317545261148533,-12.271392983223905,0.4823364910691019
1596.3923243021707,20.101151943056603,-0.040222926810773885,-0.013445268652191089,-12.811163990511492,-12.41234189967128,-12.366189621746651,0.4449743687648411
1618.2539244314871,20.1272512638973,-0.0110434832244799,-0.0034113082859157373,-12.862554036178109,-12.515028445472925,-12.468876167548297,0.3936778686298119
1640.4149055794535,20.158436753414783,0.007575797117713279,-0.0005543409922665887,-12.906948245476283,-12.587930991110115,-12.541778713185487,0.3651695322907962
1662.879367582943,20.105417556255716,0.012292104125513958,-0.009483013848104349,-12.9434260893611,-12.653486622222065,-12.607334344297437,0.3360917450636638
1685.651466423546,20.120441969617247,-0.014873034320395107,0.02574072797075644,-12.971127345832567,-12.701884414986662,-12.655732137062033,0.31539520877053384
1708.735414996436,20.130219984862357,-0.00040068982067609227,0.01530212261315711,-12.98928252327585,-12.782375650874828,-12.7362233729502,0.25305915032565096
1732.1354838897657,20.121164006329764,0.012631002052323481,-0.0003236883252313305,-12.997242398326064,-12.833129220365514,-12.786976942440885,0.2102654558851782
1755.8560021747376,20.102186704462774,0.0,-0.0033510467277935163,-12.994504634449871,-12.87763767345147,-12.831485395526842,0.16301923892302916
1779.9013582064913,20.079215787542203,0.03957923530700569,-0.008995961159129706,-12.98073546158194,-12.953073342081428,-12.9069210641568,0.0738143974251404
1804.2760004359614,20.067553126067253,0.040815332824401196,-0.008810982362668085,-12.955784652173158,-12.976150090436523,-12.929997812511894,0.025786839661263272
1828.9844382328517,20.040789516217995,0.007907524719922066,-0.00403632402798948,-12.919692515430992,-12.976633167193366,-12.930480889268738,-0.010788373837746335
1854.03124271988,20.068812569711675,-0.009843972757359154,-0.0182956988119507,-12.872688296350894,-12.997812703333505,-12.951660425408877,-0.07897212905798234
1879.421047618447,20.10019928599025,0.008224326120956249,-0.013762497078072755,-12.815180119409039,-13.012510308790079,-12.96635803086545,-0.15117791145641135
1905.158550105886,20.101472419788323,-0.01890578172077184,-0.006896853652449408,-12.747737349727597,-13.019761453286868,-12.97360917536224,-0.22587182563464303
1931.2485116844532,20.09565988392223,0.021832295828886572,-0.0021640976551964286,-12.671066852783461,-13.001226595618505,-12.955074317693876,-0.28400746491041495
1957.6957590622171,20.086137739698813,0.007942450494937248,-0.004321293178559671,-12.585985039212835,-12.985681212317509,-12.93952893439288,-0.3535438951800458
1984.5051850460118,20.060337494458544,0.0320027965460703,0.002875054483471473,-12.49338774678267,-12.942660837605105,-12.896508559680477,-0.4031208128978072
2011.6817494466159,20.04538438044868,0.013458838912690396,-0.02184784565719511,-12.39421994359035,-12.901695172953332,-12.855542895028703,-0.461322951438353
2039.2304799963385,20.067584252578147,-0.017601923676355824,0.0162378887192709,-12.289446978096636,-12.837992207754736,-12.791839929830108,-0.5023929517334711
2067.15647327915,20.026998029762773,-0.022873699062170516,-0.0065245619278258005,-12.180028717518205,-12.766996928176667,-12.720844650252038,-0.5408159327338335
2095.4648956735705,19.99334156302811,-0.035509889017035334,0.008469406394254975,-12.066897477015956,-12.689839054488436,-12.643686776563808,-0.5767892995478512
2124.160984308462,20.043755969068176,0.00034563055849545776,9.142296244846193e-05,-11.950940210645937,-12.631525376837688,-12.58537309891306,-0.6344328882671224
2153.2500480319068,20.05952654753409,0.008382518840026165,-2.279818256667454e-05,-11.832985057291022,-12.530295774881072,-12.484143496956444,-0.6511584396654211
2182.737468393366,20.09116663104081,0.023867294776668047,-0.012178884419679292,-11.71379203750382,-12.464351919532538,-12.41819964160791,-0.7044076041040892
2212.628700639271,20.09584465172686,0.011269242856226214,-0.006990425820692536,-11.594047489458237,-12.374334972356682,-12.328182694432053,-0.7341352049738159
2242.9292747222526,20.12750263762979,-0.013004005215293546,-0.006262069872178699,-11.47436170926577,-12.302533442936776,-12.256381165012147,-0.7820194557463775
2273.644796324218,20.09882529114679,-0.0025594919653890713,-0.0009395369368512263,-11.35526921001917,-12.14810535977412,-12.101953081849492,-0.7466838718303226
2304.780947893394,20.07909153333135,-0.013695794981408937,0.0293306208322619,-11.237231017931792,-12.01974373536365,-11.97359145743902,-0.7363604395072283
2336.343489695603,20.10595736724671,-0.0212251140572981,0.022691321419458177,-11.120638465954046,-11.915998634850128,-11.8698463569255,-0.7492078909714532
2368.3382608799257,20.05372087247865,-0.009373706173075647,0.013850638359528489,-11.00581800985086,-11.772661175516493,-11.726508897591865,-0.7206908877410054
2400.7711805589593,20.020173430539472,-0.006030616844086012,0.005904498177230266,-10.893036666834213,-11.6601534510714,-11.614001173146772,-0.7209645063125585
2433.648248903866,20.028530434819615,-0.012271375213362745,0.012956052397555595,-10.782507753476837,-11.538404821737258,-11.49225254381263,-0.7097447903357921
2466.9755482544215,20.0029105242157,-0.009202200211003486,0.008531556919113115,-10.674396671799107,-11.402400826174594,-11.356248548249965,-0.6818518764508585
2500.759244244262,19.993200964654037,-0.01990450390126597,0.024498083494087552,-10.56882655682479,-11.302023363795882,-11.255871085871254,-0.6870445290464637
2535.0055869415423,19.950859361261088,-0.03687360966522846,-0.009057430351532503,-10.46588365367433,-11.158425971177154,-11.112273693252526,-0.6463900395781952
2569.7209120052134,19.9586780529084,-0.02596765837730075,0.0028979401331596932,-10.36562233738798,-11.047267649601299,-11.00111537167667,-0.6354930342886895
2604.9116418571334,19.967710610522957,-0.013438763652654728,-0.0044765880513253364,-10.268069724442924,-10.923403063262754,-10.877250785338125,-0.6091810608952013
2640.5842868702416,20.050902936014417,-0.03177665514305872,-0.024565025942216323,-10.173229852467678,-10.821845858621295,-10.775693580696666,-0.6024637282289884
2676.745446572978,20.074256401483872,-0.01564066119069807,-0.02158272812028983,-10.081087425109976,-10.729413204145278,-10.68326092622065,-0.6021735011106735
2713.401810870224,20.041432282282905,-0.011653069734716581,-0.02796467332367314,-9.991611133582724,-10.625022152346034,-10.578869874421406,-0.5872587408386813
2750.5601612809464,20.062464146333888,-0.014530140342110087,-0.027766666452414768,-9.904756576337965,-10.520877118831208,-10.47472484090658,-0.5699682645686153
2788.227372192799,20.024259657401917,-0.017457559927468225,-0.027219604415567034,-9.820468804511252,-10.459350591221535,-10.413198313296906,-0.5927295087856539
2826.4104121338983,19.954265475490203,-0.010826639772076874,-0.0322266288222437,-9.7386845242169,-10.366742852040732,-10.320590574116103,-0.581906049899203
2865.1163450620197,19.937844115593514,-0.03837653318589318,0.0018775744980104037,-9.6593339881527,-10.235626788573565,-10.189474510648937,-0.5301405224962377
2904.3523316714486,19.971543001031606,-0.01890468498188369,0.009130773322262087,-9.582342608845307,-10.149123435180059,-10.10297115725543,-0.520628548410123
2944.125630717724,19.964784161926573,0.008458645174517443,0.009505098508149956,-9.507632324742636,-10.045811309577928,-9.9996590316533,-0.4920267069106643
2984.4436003605297,19.965493747373127,-0.00372954253044,-0.004143726969083161,-9.435122748595344,-9.973539275390708,-9.92738699746608,-0.49226424887073605
3025.313699524966,20.03201688502616,-0.005206919220952955,-0.018561657379901675,-9.364732125357836,-9.8988761898529,-9.85272391192827,-0.4879917865704346
3066.743489281484,19.9809453086107,0.01973340857214012,-0.0161042203401891,-9.296378124498698,-9.798042515694327,-9.751890237769699,-0.4555121132710003
3108.740634244683,19.96029423131337,0.021884336426730044,-0.02803794373085111,-9.229978489162914,-9.726617123166683,-9.680464845242055,-0.450486356079141
3151.3129039912965,19.976625328643543,-0.027830177040577553,-0.007274647814689672,-9.165451562256951,-9.651326722866466,-9.605174444941838,-0.4397228826848867
3194.4681744975787,19.914985170819495,-0.0011806285095978808,-0.009356967511109815,-9.102716707251457,-9.540271851320359,-9.49411957339573,-0.3914028661442739
3238.2144295963817,19.910279511722756,0.010951616573674272,-0.02028642087768162,-9.041694639371228,-9.477807812014373,-9.431655534089744,-0.38996089471851647
3282.559762454183,19.946451939891,0.014171051401199009,-0.023724612810347878,-8.982307680890635,-9.40613575960654,-9.359983481681912,-0.37767580079127683
3327.512377068342,19.94602131721878,0.01003538204972898,-0.005016787236257869,-8.924479952473169,-9.347470807330946,-9.301318529406318,-0.3768385769331495
3373.0805897848613,19.975125167242513,0.02010935166429917,0.012403184006597456,-8.868137510909106,-9.297621466142205,-9.251469188217577,-0.38333167730847073
3419.2728308369287,19.964632227862015,0.03400553194471101,-0.0008878581553481979,-8.813208442174535,-9.223361142094156,-9.177208864169527,-0.3640004219949926
3466.0976459045332,19.9911723963224,0.0021180286666684367,0.013244375760930183,-8.759622917485038,-9.150961414901152,-9.104809136976524,-0.3451862194914863
3513.5636976954347,19.962450853441858,-0.01200139563665914,0.018008137170795635,-8.707313218911683,-9.094846414752544,-9.048694136827915,-0.3413809179162328
3561.6797675477983,19.93182014207439,0.018782952528436425,-0.015635835193037906,-8.656213740156598,-9.025735539170107,-8.979583261245478,-0.32336952108888006
3610.4547570547443,19.982468414380712,-0.01486714304896708,0.011320117566402388,-8.606260967250293,-8.96528879920076,-8.919136521276132,-0.31287555402583855
3659.8976897111775,19.93349049984254,0.025847349050003743,0.011895945650554296,-8.557393443195679,-8.923443911719211,-8.877291633794583,-0.319898190598904
3710.0177125831556,19.950553828004402,0.022507100635600352,-0.008785738151669165,-8.509551719962968,-8.87296573157516,-8.826813453650532,-0.3172617336875643
3760.824098000117,19.9721509015226,0.02432477239025488,-0.03934488419002591,-8.462678300689248,-8.77562325759611,-8.729470979671481,-0.2667926789822328
3812.3262452702847,19.963454669163653,-0.006832408519141353,-0.027203235286876293,-8.416717574474253,-8.750110865532228,-8.7039585876076,-0.2872410131333467
3864.5336824195642,19.926795766609754,0.030627767329544753,-0.007209392788222857,-8.371615745767754,-8.679839888504787,-8.633687610580159,-0.2620718648124054
3917.456067954249,19.97568972635915,0.024486499576372722,0.00973496472554558,-8.327320759999662,-8.647295583155657,-8.601143305231028,-0.27382254523136673
3971.1031926478718,20.004797906223803,0.00782390873584049,-0.010331729574534876,-8.283782226818238,-8.616767726275626,-8.570615448350997,-0.2868332215327598
4025.484981352518,19.94212101727144,-0.001175424621038701,0.0049327996991479495,-8.240951342057116,-8.570798250613844,-8.524645972689216,-0.2836946306321
4080.6114948349523,19.923537309723812,0.024597578475464843,-0.0056453201835289235,-8.198780809340814,-8.51215716481986,-8.466004886895231,-0.2672240775544168
4136.4929316378775,19.878018424055057,0.020940627039227167,-0.011462526968742281,-8.157224762069763,-8.473984989356442,-8.427832711431813,-0.27060794936205035
4193.139629966712,19.89840478929824,0.015724479878713282,0.016948216371091007,-8.11623868636884,-8.403598311771479,-8.35744603384685,-0.2412073474780101
4250.562069602152,19.9489590932959,0.045540931191265344,0.007706331923198917,-8.075779345474297,-8.367667467977416,-8.321515190052788,-0.24573584457849051
4308.770873838982,19.95714931403381,-0.022752558060037842,-0.002421006511518442,-8.0358047059176,-8.358073985375377,-8.311921707450749,-0.276117001533148
4367.776811451398,19.950794853116776,-0.04930195404369542,0.0199034425713549,-7.996273865787518,-8.268253266184551,-8.222100988259923,-0.22582712247240533
4427.590798685264,19.940508111097987,-0.014946503425182556,0.04577794933942059,-7.95714698527976,-8.219927003565068,-8.17377472564044,-0.21662774036068022
4488.223901277642,19.93529238478101,-0.04036921037181784,0.033085122153579505,-7.918385219683888,-8.15903669194581,-8.112884414021181,-0.19449919433729335
4549.687336503982,19.925270611687566,-0.0037252856167526716,0.04630600536486895,-7.879950654909356,-8.096566668696639,-8.05041439077201,-0.17046373586265418
4611.992475253345,19.904952591882036,0.009263403848486007,0.027547709164856826,-7.841806245619386,-8.093173134974965,-8.047020857050336,-0.2052146114309501
4675.1508441320475,19.863867082804205,0.023233456196084745,0.038658961741283804,-7.803915756002496,-8.040883500437086,-7.994731222512458,-0.19081546650996195
4739.17412759611,19.814899929213503,0.017314318710354826,0.017137141640343856,-7.766243703194828,-8.016868906687922,-7.970716628763293,-0.2044729255684654
4804.074170112908,19.858162458463596,-0.022304085720406874,0.002171621044077199,-7.728755303341397,-7.978017181933879,-7.931864904009251,-0.20310960066785366
4869.862978352447,19.876524101034974,-0.03739360290008875,-0.0012080419029345535,-7.69141642027689,-7.949986196895441,-7.903833918970813,-0.2124174986939229
4936.552723408595,19.94543823737824,-0.01477973130837995,-0.026832476884251832,-7.6541935167867035,-7.878223168417055,-7.832070890492426,-0.17787737370572287
5004.155743050788,19.925059860831546,0.020924366524308624,0.0015914208703158295,-7.6170536084099,-7.843270900093366,-7.797118622168737,-0.18006501375883754
5072.684544006544,19.8807888951035,0.015122577355491273,0.010404555379551539,-7.579964219737042,-7.805130615455312,-7.758978337530683,-0.17901411779364107
5142.151804275232,19.85587713240282,0.03536699942590715,0.02890782471313358,-7.542893343152279,-7.771676330501419,-7.725524052576791,-0.18263070942451165
5212.570375473542,19.785763263101302,-0.0012414239550722073,0.053410655176882926,-7.505809399971758,-7.714834738319308,-7.668682460394679,-0.16287306042292116
5283.953285213062,19.750961087512902,0.00191109507691678,0.014776072639151039,-7.468681203923529,-7.6927609384756686,-7.64660866055104,-0.1779274566275113
5356.313739510418,19.77679245216492,0.034369452635409914,-0.01288084719641347,-7.431477926927434,-7.686467410216228,-7.640315132291599,-0.2088372053641656
5429.665125230421,19.797113505147774,0.02754918990546784,0.0031452380158754067,-7.394169067122121,-7.651218412415304,-7.605066134490675,-0.2108970673685544
5504.021012562672,19.776320053534775,0.009955064271174763,-0.005404821609410249,-7.356724419101992,-7.652258288131026,-7.606106010206398,-0.24938159110440594
5579.395157532073,19.764192278116614,-0.0033030818325165967,-0.010629109995441866,-7.319114046320538,-7.619716613369928,-7.573564335445299,-0.25445028912476086
5655.801504543751,19.79764765949473,-0.015377458386581111,-0.003974020256812594,-7.281308255629755,-7.577132983377787,-7.530980705453159,-0.24967244982340375
5733.254188962772,19.74449932372648,0.009639141901761406,0.005203982091622095,-7.243277573919857,-7.53188833677544,-7.4857360588508115,-0.24245848493095412
5811.76753972924,19.701615809570534,0.0036288578361869384,-0.03003269604210601,-7.204992726838986,-7.485919058598162,-7.4397667806735335,-0.2347740538345473
5891.356082009184,19.60766091540513,0.032454117145736205,-0.01746823817272869,-7.166424619567048,-7.442169863495453,-7.396017585570824,-0.22959296600377677
5972.034539881751,19.585169039138087,0.038484163267000326,-0.009627402477661917,-7.127544319629152,-7.41626892369495,-7.370116645770322,-0.24257232614117008
6053.817839063192,19.616783362213166,0.020003693941955447,-0.023521070968794078,-7.088323041736595,-7.346429585411652,-7.300277307487024,-0.2119542657504283
6136.721109668164,19.569085274837153,0.032892712521427114,-0.012758272520336789,-7.048732134645716,-7.298851917447337,-7.252699639522708,-0.20396750487699222
6220.759689008832,19.738221264059334,-0.012151068704536527,-0.033889104029107386,-7.008743070033186,-7.275023061211874,-7.228870783287245,-0.2201277132540591
6305.9491244323135,19.707545716722038,-0.006085360290320807,-0.02424265648897972,-6.968327433386296,-7.237596173822585,-7.191443895897956,-0.22311646251166017
6392.305176196979,19.751499971474626,0.02414338457246501,0.028571414864345,-6.927456916911763,-7.206282673658286,-7.160130395733658,-0.23267347882189515
6479.843820388128,19.722105248843683,-0.015738706309658568,0.023733439109328458,-6.886103314470912,-7.193634763443493,-7.147482485518864,-0.2613791710479525
6568.581251873631,19.67108012339899,-0.048210479674569484,0.03626953891753715,-6.84423851854902,-7.131769268447142,-7.085616990522514,-0.24137847197349327
6658.533887299987,19.687702337937466,-0.020825490825654214,0.05352677226395741,-6.801834519273484,-7.070512239963602,-7.024359962038973,-0.22252544276548925
6749.718368129465,19.654127064344657,-0.0020125830771995368,0.01231528438073326,-6.758863405489993,-7.039436174539942,-6.9932838966153135,-0.23442049112532004
6842.151563718809,19.688263932164777,0.02365330146488631,-0.00024480335826027044,-6.715297367916002,-7.024743491098079,-6.97859121317345,-0.26329384525744803
6935.850574440114,19.700073629338853,0.011928578478720198,-0.0029966685088567147,-6.671108704384288,-6.960696213450298,-6.9145439355256695,-0.24343523114138144
7030.832734844437,19.67354116490324,-0.0007878973846224824,-0.016564773673582778,-6.626269827192319,-6.948225299351812,-6.902073021427183,-0.27580319423486443
7127.115616868733,19.634694494307624,0.028851138493028117,-0.03235843262157445,-6.580753272573934,-6.9197584089606465,-6.873606131036018,-0.2928528584620844
7224.717033086705,19.668315847382765,0.0028994210278412424,-0.06507356404846121,-6.534531712305716,-6.892248472331245,-6.846096194406616,-0.31156448210090026
7323.655040004174,19.65569945155754,-0.011253061405717801,-0.011148163904472597,-6.487577967459988,-6.874588409044339,-6.828436131119711,-0.340858163659723
7423.947941399583,19.697162892173544,0.028141234288668215,0.020984856026160514,-6.4398650243155,-6.776079894521317,-6.729927616596688,-0.29006259228118836
7525.614291710227,19.68782374819628,0.04869344444731283,-0.02220147947896578,-6.391366052429001,-6.748896760554409,-6.702744482629781,-0.3113784302007794
7628.672899464907,19.631700705692737,0.045238585949356036,0.02266610312046069,-6.342054424871957,-6.64832076404557,-6.6021684861209415,-0.2601140612489843
7733.142830763503,19.523755639926524,0.00014816656960547903,0.05077308981372042,-6.291903740628026,-6.587692795813542,-6.541540517888913,-0.2496367772608874
7839.043412804289,19.45687035295387,0.02973150931919477,0.026484790556899895,-6.240887849144085,-6.562578226324721,-6.516425948400093,-0.2755380992560079
7946.394237459496,19.414729890765184,0.021182682036847922,-0.007408030186962122,-6.188980877017798,-6.5219468452974,-6.4757945673727715,-0.2868136903549736
8055.215164899862,19.45868838226103,-0.029487256656928196,-0.025305480125553004,-6.136157256802463,-6.483653542827835,-6.437501264903206,-0.30134400810074347
8165.526327268815,19.47840411841429,-0.01643130819329741,-0.012995665392669054,-6.082391757897119,-6.422052346338063,-6.375900068413435,-0.2935083105163159
8277.348132406967,19.469393989068074,-0.017763573117587583,-0.004269503925570461,-6.027659519485074,-6.365796854278948,-6.319644576354319,-0.2919850568692448
8390.701267627614,19.500994983600663,-0.009488903455945774,-0.01398061013248153,-5.971936085472961,-6.29593999377631,-6.2497877158516815,-0.27785163037872085
8505.606703543943,19.489025063649898,-0.033864473646115556,0.019311140493694978,-5.915197441372994,-6.222793173824364,-6.176640895899736,-0.26144345452674145
8622.08569794865,19.542139614742403,0.022573442105958463,-0.0017555344877457912,-5.857420053061512,-6.221797032224661,-6.175644754300032,-0.3182247012385204
8740.159799746674,19.4923288716288,-0.007180128668650809,-0.09059367198275226,-5.7985809073356185,-6.189990403796166,-6.143838125871538,-0.3452572185359193
8859.85085294183,19.477864289758827,0.02004331931715697,-0.05932430829270885,-5.738657554177601,-6.158198754834078,-6.11204647690945,-0.3733889227318494
8981.181000677954,19.401264324288345,-0.024440543034476292,-0.04624407883692783,-5.677628150627411,-6.069196368993515,-6.023044091068886,-0.34541594044147494
9104.17268933548,19.49828724905042,-0.028077812658629853,-0.022475818057870356,-5.61547150614985,-6.000149042940851,-5.953996765016223,-0.3385252588663725
9228.848672684058,19.512357329107793,-0.0820717109001663,0.000686216472914225,-5.5521671293721155,-5.925352926163551,-5.879200648238923,-0.3270335188668074
9355.23201609207,19.563398531827065,-0.08087554743055492,-0.0012953441616083694,-5.487695276054922,-5.860022488155536,-5.813870210230908,-0.3261749341759863
9483.346100793764,19.548607851969155,-0.06190877207049894,0.007649242528867006,-5.4220369981501735,-5.868979963123362,-5.8228276851987335,-0.40079068704856
9613.214628214862,19.462179974061186,-0.02564815691167155,-0.030379352620450106,-5.355174193784502,-5.793965630023106,-5.747813352098477,-0.3926391583139752
9744.861624357365,19.405664945497364,-0.006762075559432645,-0.021104119898087248,-5.287089657998356,-5.7810192168407575,-5.734866938916129,-0.4477772809177729
9878.311444244433,19.387426624498932,0.02709141159772699,-0.004347282809636255,-5.217767134060084,-5.70624421809887,-5.660091940174242,-0.4423248061141578
10013.588776426132,19.37743372653434,0.040614814466731985,-0.04077428216790935,-5.147191365162753,-5.626199196408507,-5.580046918483879,-0.4328555533211258
10150.718647546817,19.411107162858393,0.005605607047503014,-0.04598191960631226,-5.075348146304907,-5.612584306327122,-5.5664320284024935,-0.4910838820975867
10289.726426975265,19.37855373056989,0.03537121669721799,-0.03643835752918889,-5.002224376146169,-5.5619799023817755,-5.515827624457147,-0.5136032483109778
10430.637831497914,19.37721117886009,-0.021084657635700665,-0.017886140866366418,-4.927808108623116,-5.460268577006541,-5.414116299081913,-0.48630819045879736
10573.478930076615,19.3469254545073,-0.0035966137851914937,-0.04310139639365218,-4.852088604104027,-5.375085763450823,-5.3289334855261945,-0.4768448814221671
10718.276148671444,19.31525976873546,-0.02855873598741354,-0.014599417751725241,-4.775056379857839,-5.277915989631516,-5.231763711706888,-0.4567073318490493
10865.056275129564,19.376560203227612,-0.020739566041577007,-0.019434855442941767,-4.696703259608462,-5.236400005755382,-5.190247727830753,-0.49354446822229114
11013.84646414105,19.281134459172883,0.009928075763230737,-0.011695935714456596,-4.617022421945203,-5.165114843923675,-5.1189625659990465,-0.5019401440538438
11164.674242262565,19.339479109423916,-0.03618705837213909,-0.04365154765030965,-4.5360084473595155,-5.077997770879449,-5.031845492954821,-0.49583704559530517
11317.567513009853,19.23674202494125,0.0003580777628009457,-0.04909506793269358,-4.453657363681154,-4.9709199776374255,-4.924767699712797,-0.4711103360316429
11472.55456201995,19.144435194564632,-0.0325090148271876,-0.06961103686483838,-4.369966689689104,-4.926612005197313,-4.880459727272685,-0.510493037583581
11629.664062284106,19.097080690974014,-0.004109541076577017,0.008965717849363841,-4.284935476679237,-4.748532046244939,-4.702379768320311,-0.41744429164107366
11788.925079452323,19.12214072978873,0.012017660923557827,0.016526131748005213,-4.1985643477770624,-4.670091928300156,-4.623939650375528,-0.42537530259846523
11950.367077210709,19.060566870983987,0.02922473780509094,0.04387941302619325,-4.110855534792756,-4.638058369299131,-4.5919060913745025,-0.48105055658174667
12114.019922732059,19.09638689570619,0.028092246261294918,0.054345392134109716,-4.021812912426596,-4.563086218606884,-4.5169339406822555,-0.4951210282556593
12279.913892201717,19.004118722749144,0.02895088584191896,0.05654187057357163,-3.9314420296435926,-4.5124239064821765,-4.466271628557548,-0.5348295989139555
12448.079676418365,18.86170722381928,0.05008581298040227,0.030154060690808393,-3.839750138051496,-4.424319981216858,-4.378167703292229,-0.5384175652407333
12618.548386472286,18.856004275894783,0.024138160141877307,-0.03198027949580862,-3.746746217128327,-4.422724701930921,-4.376572424006293,-0.6298262068779659
12791.351559500592,18.92991672233689,-0.028485772871039927,-0.005306827254059954,-3.6524409961649686,-4.2707942654079005,-4.224641987483272,-0.5722009913183035
12966.521164522084,18.990544736734506,-0.014259774550904325,0.007618349429058924,-3.5568469728009204,-4.182849440568404,-4.136697162643776,-0.5798501898428552
13144.089608351185,19.061581054152143,0.011933397250444955,0.033458430150687946,-3.4599784280532395,-4.084756943609031,-4.038604665684403,-0.5786262376311635
13324.089741593702,19.170672598718983,0.08861908589170397,0.05506950326518378,-3.3618514377532236,-3.9483707787380844,-3.902218500813456,-0.5403670630602324
13506.554864723841,19.2009066035652,0.034465311696809664,0.027370597662411456,-3.262483880326989,-3.856655709298252,-3.8105034313736237,-0.5480195510466346
13691.518734245317,19.23613558923033,0.043378182380692465,-0.011285210861860406,-3.161895440872235,-3.7871998215600975,-3.741047543635469,-0.579152102763234
13879.015568935945,19.296109624847432,0.06906699304716213,0.0004434858177262413,-3.060107611504612,-3.7037603702002286,-3.6576080922756002,-0.597500480770988
14069.080056178622,19.22856276592301,0.030549864568104823,-0.019619407602601058,-2.957143687963213,-3.625805759142608,-3.5796534812179797,-0.6225097932547667
14261.747358378267,19.110394887374717,0.019128801427950037,-0.005918230771140287,-2.853028762484759,-3.531376849606346,-3.4852245716817176,-0.6321958091969586
14457.053119467097,19.12937793922802,-0.04056829755268865,-0.0249944145573906,-2.7477897129714233,-3.411670339043688,-3.36551806111906,-0.6177283481476366
14655.033471498815,18.97872314902603,-0.006341689235860315,-0.009747573109358143,-2.641455188494808,-3.283711526047558,-3.2375592481229294,-0.5961040596281215
14855.725041333131,19.02713492611644,0.01233691206970633,0.010605078737810913,-2.5340555911931557,-3.1768117006163035,-3.130659422691675,-0.5966038314985194
15059.164957411822,19.021677539754847,0.013141139867446583,0.04505276007800063,-2.42562305463283,-3.0968179746660915,-3.050665696741463,-0.625042642108633
15265.390856627582,19.074992164776045,-0.011104338210831344,0.029726094831136862,-2.316191418718024,-3.009545230331039,-2.9633929524064104,-0.6472015336883863
15474.44089128695,18.934874351144593,0.016117440669752625,0.08811269331920357,-2.205796201243249,-2.861461590624046,-2.8153093126994175,-0.6095131114561685
15686.353736168572,18.895247145543998,-0.013619011158997552,0.04439328301272738,-2.0944745661927,-2.752882957081603,-2.7067306791569745,-0.6122561129642747
15901.168595678142,18.91643234525983,-0.0007366890977316132,-0.01385443591900426,-1.982265288898653,-2.6647835124210566,-2.618631234496428,-0.6363659455977753
16118.925211101276,19.086890071055976,-0.007260415365500705,0.034613377792162225,-1.8692087181765156,-2.5621929057535198,-2.5160406278288914,-0.6468319096523758
16339.66386795591,19.267459621308163,0.05965346353834278,0.0019276074548884026,-1.7553467355590922,-2.4642754815494037,-2.4181232036247753,-0.6627764680656831
16563.425403444868,19.448508554217305,0.005699387061962824,0.06140806011892863,-1.6407227117546803,-2.3154254877666176,-2.269273209841989,-0.6285504980873089
16790.251214011336,19.711117533999396,-0.021573993641307965,-0.02351761002295305,-1.5253814604549927,-2.178305082533356,-2.1321528046087277,-0.606771344153735
17020.18326299678,19.751169406842504,-0.0009854977625955996,-0.02412103894942419,-1.4093691896182645,-2.06907960198091,-2.0229273240562815,-0.613558134438017
17253.264088404798,19.753852458408353,-0.0017057001480047518,-0.06071355515851451,-1.2927334503505188,-2.0180752542461633,-1.971922976321535,-0.6791895259710161
17489.536810770223,19.655583506310965,-0.0010830305358844328,-0.05931649946676387,-1.1755230835051285,-1.8876418621981266,-1.8414895842734982,-0.6659665007683697
17729.04514113708,19.527883977978746,-0.02608776211465269,-0.05660270369928355,-1.05778816411545,-1.7927274995186266,-1.7465752215939983,-0.6887870574785482
17971.833389144667,19.226252020799592,-0.012196850270711934,-0.0376037078533642,-0.9395799437705905,-1.6667589215048828,-1.6206066435802544,-0.6810266998096639
18217.94647122553,18.91029089985178,-0.039831272831911235,-0.00872122637002093,-0.8209507910367353,-1.537840082483097,-1.4916878045584685,-0.6707370135217332
18467.42991891453,18.464319831708472,-0.036472229724811456,0.008850123251427533,-0.701954130020755,-1.4187909803057934,-1.372638702381165,-0.67068457236041
18720.329887272852,17.816072697557555,-0.0024356061031802767,0.014490177072858046,-0.5826443771634502,-1.3029977155647146,-1.2568454376400862,-0.674201060476636
18976.693163426382,17.111272503186367,0.04247739273592899,0.05645930934413812,-0.46307687634374783,-1.1656203998722034,-1.119468121947575,-0.6563912456038272
19236.56717522164,16.409150706634783,0.08537281286585952,0.09411379350402527,-0.3433078323657127,-1.0693564608071036,-1.0232041828824752,-0.6798963505167624
19500.0,15.7673966601258,0.1488555669675211,0.03224714448534982,-0.2233942428936712,-0.9482103801320783,-0.9020581022074499,-0.6786638593137786
